user_id,username,password
55cf368c-79e6-47dd-86a7-f64a61d8ee4f,michael72,&6D7AKQyeX
4a47f5b5-aaa1-48ef-b476-5f02a9051e80,kimberly17,(1rtYCvAiX
0100652d-3aa6-4873-b791-35245b95f066,loretta08,QJ3RhW2h$P
5653f1da-d600-4a21-bedf-faa2dfc40005,michaelcarter,Z#7D2tuUc^
e0738fb5-3e25-4b9d-a1cc-3daa17927983,perezmatthew,#(eHz6JqwI
f97a4593-590d-423a-9752-16038ea912bc,angelaperez,F$0cQ2GeHa
d9b50c59-adda-4c9c-98f8-4c0fc0df4372,nathanbarnett,%!d7tRXvN8
5f94f57c-1082-4fa6-b778-059aeb64e4b2,karen77,nWO3@mNC#5
727d2c62-a181-4b59-903c-0a2f7daf68e1,kevin43,&W@irQfsJ7
d97ca04a-829b-4e8f-9054-3ee1402bbf6d,ryan91,191sK@Nip$
2d5455fe-6a40-4fdd-8ee9-5d4e8d48a936,reidjohn,euY0yFLtF)
a53602cc-2748-4f1d-b55f-081ac743375c,elliottbetty,4R3Um8k5e@
5baf87b5-2ac9-4c88-9955-65aa95067091,alexanderbrittany,^14HtdMrqv
e58bb5eb-d654-4dda-bb6e-decbb1d7d816,grimesjennifer,vLH8ZVkH&)
fc635253-010a-42b7-ba0d-3ad4503c012a,brian12,aYgPPIal!8
9da61e73-f168-4b5e-aca7-8dcbf137ea07,rachaelandrews,F&2Mcvzh3G
fbe408aa-56c2-4061-8e24-c6ace7b55a36,carrie96,@!4dB__jc+
ea5aabc1-f49f-4e79-a3a3-a7305a44a0d4,debbie50,&TR5XghJP8
cc1a737e-210b-4eaf-9d00-a7d9d6d02c01,hebertkevin,V7HN!!0h*Z
11aa5790-988a-4329-9354-79abffe89912,mmccoy,WQ(1AQfIve
721b043a-d51d-4c5e-ba7f-432180f22db6,lindajensen,Edl9avNDS_
14dc3257-07a6-405e-8a6f-0e6fba461fc9,blake99,D!So1BbndY
b64d7c5b-9942-4b96-a855-f59c86e4d5fc,rwerner,y(Zo3A&nvx
d61dc37a-9774-4c3f-8485-1d92a77b28a3,thomaskelly,E5J+&TDa!J
d86bf344-0dc1-4940-9690-dabd5c30a458,wfreeman,@V2jLAlaPL
a44924f9-f569-4bcf-961d-187981ba7f4f,charles42,^6+5lNfA_q
77fc6c6c-ad43-43be-bab8-d43cee08450e,roypineda,@64JZXQb1Z
02913db7-1d5c-44d4-9ca6-daa943844ea3,rhodesamy,^%M@zSxJX7
f52cc12d-3d27-445f-bfb9-2014f7e574e8,marvin71,7(2IydYg$o
b5fe2dc7-0bc1-4b5f-b8e9-33c148e5f48f,gluna,*0Asc6hkQN
b2165304-75a7-4469-b5a8-9759a13e96f4,onealkelly,ZH*z2O#oPs
ef5452ee-2fa6-4a86-94b7-1ea35819dfd1,kcampbell,tb45Gwt7@L
592deaf2-0d16-4709-ad54-dce17b65b0cd,mary07,3(@7YF^bmF
4aac772e-c4cc-45d5-966a-23707becf9ae,cmoreno,)xD4bNu%^^
e7ddc52e-4bf2-4fd4-aea1-a401b9bef073,ruthgarrett,wjBQH5t_(1
46090828-431e-407b-9754-6020b2dd9777,nathan96,@5(htYExSQ
7ab36abe-9c24-449f-b76c-68417629ce23,cjones,LJXq8mMi@a
cdea9f3e-2443-44bc-b595-0c4ee03a0a0d,lisa77,9^ihV2K#pa
76b94824-cf61-4256-a501-beb39d3a041f,jeremy71,(1cIGls5zo
6f1009cc-ec39-4279-afbf-8c1d854410b5,erin32,#cz50Q+uva
db33492e-d75d-4e71-bcf5-a2711849e4e4,ffranco,WBL@hn#p_8
5eecd0d2-9404-4c78-a91f-b5d068e62745,pgreer,!4u^tOvo0R
80c1ebf8-db47-477f-88d8-8c302e624454,tiffany72,PvSm3Bk^(k
dfb0f4d8-945a-41f8-b82a-e7a7d662cd64,trevorrodriguez,9w5MQ!ha&l
662b0234-1bc0-4ae2-a367-3b3441d9e099,cummingsaustin,dHV+fclB#4
4dde5e48-c50e-4279-a069-af401eea94bc,qholmes,86sDHFzW_c
56435dee-2f72-47a9-a4ca-1381e7505367,wesley68,pqt1+Gll5$
5ebda4e2-c9cf-4a51-be89-7136b2f57448,nicholas00,Hbk5L^I5S_
6189b6d4-b37f-4783-bce5-667830704119,mitchelllori,(yqRouRt2Y
44661905-d16b-42e3-a6c7-1d7afa18dbf3,igross,@Cr4W_cAM8
b7c76461-6734-4088-85a0-4d4922d90e15,laurenthornton,A%8dW0blBp
20c1503e-5028-46b1-ad6d-99208a9eb30e,johnriley,Ob7Wd#F2W#
243bb974-2da8-40bc-832b-dd9cffb49d42,anna95,7m6UgSC(D^
3f4707e6-1e29-44b3-8733-f1e7476823b3,rclark,)79dZ!ek7W
3a425185-41b9-4e94-b2d9-6727a984d4d8,lisacollins,^J%zy1A_2f
fa95e548-521d-4e54-abe8-16595881f68a,kmckee,%4HwY_xoOU
c86ec909-7e18-46ca-9787-b67cc22bfc01,jacob30,#4MRDdh!6!
304a2f87-a195-4f86-8bf8-2b1bad0c943e,chelsea10,e&W%5@EvGk
4958bb38-ea67-4f3f-a9b1-a049656a858f,courtneyperez,%K0GHk^me_
8111275a-ee91-4574-9941-871d0b624702,lisa02,t0Rbx(!R(4
036b38fa-49f1-4abe-8c40-da3fd5a640f4,kpierce,(ecCImpqB0
a7e94014-5cff-447d-8099-77b6818f3c34,burnsjessica,#5TR_#mgI&
7edc91b1-cd42-4216-b11f-2cb6aca9a6ed,paige96,*47PIDywxl
eeb8884a-0033-46c4-8e77-8a5caccd3d4b,wstout,)N5UTqC)yy
35f197a5-191f-464b-ad47-aa829e3c4038,alyssamcneil,x^2cUh8cz3
ad688ba0-159a-4166-843a-ae860c5ed704,abarker,$3U2NJlP2W
95a37c05-7cc6-413b-a053-2df10e7dac7d,ulee,8$&6VXoKRq
9e6b877f-597b-4065-bfaf-1ccad8ca0608,sdavid,vkQ5xNhH*_
1b3bab8d-c2cf-47ac-b393-06f5d87a1d90,evelynsanchez,ht80Sk^mE&
05a87be1-7556-46cd-843f-0df4485e5805,eburns,%58FkiUaKp
239d21f8-96da-405f-9382-a32efb187f6f,adamhuber,+j3RgVpr@0
d6f9abfa-84e2-4c5b-a3d4-c6acfc3044e7,jasongrimes,*V7WGPSw3w
f00f977b-01bb-48ed-8eaa-6dbe327f8884,webbjohn,+j4IFX@wau
f109884e-8822-4aac-9443-1340ff8b9289,dgallegos,%OIXYJ_n90
2c4dc495-09a1-4567-8cb6-cc313eb6ed9e,caleb84,&O7PZ^9dRe
cf66ff53-81d2-4f42-a495-9c0bf3ea38aa,wfarmer,#0*fBHWtlY
ffb843c0-e430-49e8-85b8-2e11f8aa6e22,jasonwilson,$19YxxkMre
a8a64354-df81-43b9-ace6-dd3f2438b2d9,christina55,im@g5sFck3
1c453859-6762-4e33-84cd-19c60546854f,kellygreen,sZZ7Tubm%B
faf6ebfa-fdaa-470d-a900-2533b17abb4c,steven91,uT_Kf8Fzqq
48d76f3d-1bb4-46c7-affe-ae46dbaa5255,johnpatel,%2p*GfdY1r
6635a8da-4624-4658-86d1-17d4c0039798,catherine11,+892MTnX$8
457cfbef-dd5c-4e45-aadc-aa74e1ced769,matthewsmith,#3OG9cCdXV
d0d3bb77-477d-457b-9f73-cd895e16c3b6,laurenthomas,)K5J$H$wgU
371430f8-9744-450b-aa67-80ced2b74caf,ashley08,y3EBksA4@9
98cbf056-7e54-45dd-84fa-fa094de30dcc,craigchristopher,&qKyJm(oP9
049e65e9-0f09-491e-b580-f50a1a5b7463,lauraward,#t86RIbksF
866838c7-2acf-4c61-979a-1c3ed6ca3bb9,daniel65,)08NXBkyJ7
0b172369-727c-45cb-b172-796a6fae18a2,patkins,)fb)SFBz95
fe93309f-ff94-42bd-a384-a7c45d0d53b6,qgoodman,w_80bKvWSb
63075fa9-d531-4d6b-87e9-e770a3474106,hoovercharles,7vWDqu_k@F
c09d5b7b-15f4-4c8d-bea4-77401285b5e0,banderson,w4XKsrPz+d
0daa2bcd-4e59-4a12-8a6c-8f396c20590c,evanskyle,@L1Fw6Pbwi
28c70a1b-52aa-415c-ab77-1d8f7851e8ed,carl12,9q+ABjQU#)
91636949-be8a-41ae-bede-be706cf9e7df,kerry50,)1WJ5pZXBk
79fc391b-61cb-4766-a50c-9747597b59de,amandalee,tX6W(PUsx$
213532c0-ace4-408b-bad2-0e0ccb5c211b,michael45,&0tPuajN*O
623fe2f6-92bf-4a0a-914c-507a5448cc59,michaelgonzales,RF*5WS(x+0
0096e2cf-0310-4fe2-8aec-38443fcc94f8,timothythomas,zt7L1JgB%g
c2cb6d58-fee8-4fb7-a61e-aef197633367,johnathandiaz,x7y3oBEe^S
0fdc1193-c0a5-44c0-97a2-0a3fcb6fb6e8,jon94,5l^KV8Es6K
e4d23539-f021-4db4-be7c-1f1a4787c2ad,guzmansarah,#6Vb(mQc4D
56ae3b05-e6fd-4dd7-9788-e8375c9f1063,oherrera,+8oL)b7h1C
8ad41708-4c71-4a49-87c5-d4cd00f35ebb,jasonthompson,%57Ipen!5j
a1af8dee-4913-4d41-bb82-7d97d3d4870f,bchen,$_4*DDwL31
d99c61ad-7779-4662-be3e-eeb48db1b2bf,troman,@BPl@oh47n
aed62a3f-6984-4492-8806-64c843e8da13,jjackson,ud13jSK3@8
49dc09fc-3afc-477f-90be-7979dff4d01c,krystalruiz,!&XbrkU9Fz
825b4c04-1aac-4c08-8e9f-11c98c00c41e,riveraedward,Ry9KMqqb^F
661b1cea-bb33-4845-ac45-5d97b71e9398,theresarobinson,*S^6FXLc1m
4466c760-b6fd-4f8b-b305-0ca00ec66217,frank58,z$3pIvR7&8
1b796f0d-c564-413b-810c-2c857b96e9bd,parkkelly,B7OuUWbc@W
31122405-b478-4924-a9bd-bc5209745f29,carol72,_U3YQPnkDK
e9076a5e-b452-4a09-ab4b-0d61b527d542,juanhayes,m0ML@OWs^d
b36d6039-1312-46e1-9438-21f1e0e48546,randallsanchez,@9LX8Ex*UJ
b1a289b9-b16b-4148-8f09-4afe6623b209,randy85,$5mOzZeP%h
dc239b5e-aff0-42e2-916c-e5bd520ace7e,amberrosario,6@Yq*WIn$^
08711f64-c60b-4076-9543-635377bc3992,kimberly41,PD!4Ewlz_W
e180664d-1314-4b42-a7f7-51eb0c635079,fordmatthew,!8QBLOe#kp
f81541e2-3231-48d7-97ed-b16de794fbb6,denisemurray,#E1QComPJ4
fa3f772a-deb1-4105-b0d9-e4cd8b2a3955,terrywaller,!9z98pZxDQ
3a2c57a6-a032-4c75-9b80-3505185ae14a,rebecca37,%pGqg*xt8+
da062ec8-69b7-45a8-8f38-7c79f8b5a4f6,edixon,*9X8J_ln^@
d5075a06-0e03-4567-b5ab-00492c0514cd,gonzalestiffany,_bbc9NNf_$
aa75eb2f-85ae-4044-bd3f-a89f32bcf30c,bryanmartinez,t1T(whOL)O
160bc54b-f23c-4dda-bd9f-b1c0a0add3d0,marissa06,*d3jRQ$sMY
3a3007fa-4b02-4663-9f8c-75eb8759c83c,hbishop,kw1C)X9T%7
792ed254-2963-49f3-a03d-4f47ca9ad0a0,daniel88,s5q&NSEg_#
2ec3ff27-e004-45a9-8606-1bbd2489b277,stacy74,wKi5N8Nkj#
f5e842e7-02d3-4380-98fa-3db0a651c0d2,tjones,&t51PLyFaS
7ede0dcd-b3f7-42ba-863a-0a89355c98ab,phillip84,*(n8YcpeE1
5589cece-44d3-4cd8-bc5a-2d69cf2ad5f1,charlesmccullough,*2xDS0n%sD
31e5443d-59fa-4505-8350-fb8824d27543,matthewcaldwell,2FO^FcCi!W
0c24cdbc-7605-4bed-90b1-2be6319135d4,tiffany41,$01Nb00iKj
f1401186-74e0-4b83-8ed8-a0bcee642370,anthony79,EmH3JC^kU@
5da79364-58f5-4ab2-8e46-326ef531af0b,tcallahan,S#j5hMaS^6
26135ef1-9876-4071-ac0b-c9c16c8ab6b0,sean55,x2ECodz#$b
59ac5e94-6d0c-4a58-8e99-637f96211413,hillgabriel,8_5aQXhAR7
29631bc3-c4d2-412e-b58a-03403c707b5a,lisaclark,5JLDAIgO%Z
1db845a7-d133-4cfa-b683-7e75bb9e2abd,robertchen,8_2145^m4C
12cf6c4f-6e17-4db7-8bd2-3d6ddfe75d10,tbarnes,YZ33K5vzB*
567e66b2-1290-409a-97a9-55b37d171491,kaitlynsmith,x88VSpy#^F
7ba1111c-9471-4fd2-bf18-ace5b7d7a979,robertbrown,Wy68K*Ij7!
988e239a-31f2-40f4-a8e9-40b5d2b55547,nicholasgarcia,ozi0!Muf#L
1c9c3e3a-0c2b-47a2-aafe-dfc5aa853241,lopezlori,YZ%hEGss@7
58e5f68e-ec6f-4116-8f37-3adbdaea28d2,lisakrause,^q*mvKyz49
1cf42ec2-cd82-4ea9-9619-825fdd18b1ab,williamsjohn,manb30Eu^4
5f1f0c73-0fc3-4259-bb30-c9e1cfc98af6,emiles,z(A0CyGey@
c9f5ceeb-e6a9-4c36-a2b6-b769d3833993,howardbowman,mgkXrAim(5
189a583c-b839-4f1b-804e-6b1541782e0c,timothy40,_o^+^8Gfxh
80d5a0f8-20a0-430f-9f78-4b2e894dd2a5,charles58,*4GGls0u&+
a4334619-58fb-4637-be5e-8ea1938d39c5,kara94,Y%1lQK6_8j
695cdb11-0891-4932-a20e-1c37f20f78dd,karen74,%&x3TZXm3+
ebb822f6-b9f1-4ce2-954c-c5eb66f30bdc,lydiajones,@$%z37Gtdt
6f068004-16d4-4955-aa5c-4c12a9027da0,qcarter,i3mH_Z#Y%3
17c33f8c-3979-4efb-8212-54f9f498b341,elizabethdorsey,X&1@%Tw9!O
343813e0-239e-4dc6-a570-a64119bd08d7,wthomas,(mw%7OoZPb
5cb0ee71-8789-49fb-b81b-5f28584e49fe,fkelly,t7!xW0L@@e
0163a939-14c0-4eab-af47-e58a9b82c9fd,jose41,Lc8Sev4*X%
0a780c32-396c-449a-b669-44547b988471,coxthomas,(hn_8CjwJt
3ca7fc4d-c1e3-49a4-951e-0bb0e4b3f7b0,lonnie11,(BZ2)Q*xO9
0a3f2eab-37af-49ee-a9a4-b89bfdb6dcde,walshelizabeth,J+0QGqo(EP
28970f78-34d6-49fa-a7ec-be3a38c1aab2,andrew23,90SQBVdZ#u
e12ab984-b026-4497-9554-310d656dfae5,alyssamullen,HJOg^8zet%
9b3d6873-9ba8-4b1c-8e9b-fbfe04079e87,hollowayjorge,@()bH8iTg8
b0c345be-15a3-4bda-94c9-cf4344d5858a,nking,)5EJaJtO&e
55347502-8848-45f3-aa21-bffeda2c16c8,joanne29,(6RRsS1t@t
c37f879b-32bc-4e11-b475-1449b16302d3,hendersonpamela,@9tE6HUkx0
52038420-f7c7-496a-8a7a-27ad394f1e8e,andrewstone,@BbW#F2b4A
8bfcc545-5535-4f9c-baec-c33084d2172b,troy98,yBLQdGu^_1
c0f226df-392b-4898-812a-5d2971fbe892,tharris,)gB5bahy92
a770ea83-c7ed-42cf-a639-52181a823866,lewischristopher,@^@L8Pxnj_
b52b7d60-1159-415b-be3b-4b59867a5633,scottperez,tw)iuGCW)4
55448d67-b998-41af-8c1b-5c3c2845b869,jamescruz,WY3fRmjqf*
aa2a3b7a-c78d-47fb-b26f-f7accf36c98c,floresveronica,98s^PE#h#x
6068cf50-b03b-4361-89db-7b2a27dc65b9,bbell,_tB^1TbtVB
bd1f6141-32d1-48be-9cb0-f65494b47f42,joshuagonzalez,$YAFtI7nu9
1f489da7-5530-442a-8d0d-ebf30700c5a9,dominiquerussell,QqrY7NRcV!
7b45464a-acad-42e3-83b3-88b094fc0816,kathyshah,)fBXAlGq_2
b6f8fd0c-1ea0-41e2-b2d0-422cc004c475,gharrison,R9XoWdM$!O
483b8e65-1b12-4384-8ec7-439454ef5a11,guzmanpaula,k1nRkHom@9
ddefcc26-9483-4bfa-a12a-e525f2601417,jcampbell,CM(1SFm4YJ
adf8d942-2d40-49fd-b895-ec3c12b7e530,jordanweaver,@%0BeZn0QW
124f1338-4da0-4b68-a436-6d3f440ecc43,jonescraig,+2Z+3GuAFu
e6de6b1e-13a5-48e5-8031-3f5a2827b656,samuellester,#8I2MTunhM
497b1dcb-c400-488f-a2b6-544f4e9fe590,pattersonbenjamin,#F(1LVeh79
657c9ad9-2718-4837-a29d-58a61c55b81a,jeremypeterson,#su10fBo%6
498e737e-f0a2-4827-a22f-43efbb78c46f,bmanning,&3XRYApa*R
780b1add-4900-4424-bdf9-2192ebbba5bf,staceyclay,(M2hQ6Uv#3
73d31a32-beaf-44e0-9741-342267201495,rparsons,o#21Q!AiHY
b68925cf-1e98-4ac8-bb87-01a2555e217b,parkerlisa,f)Il3ZUl&O
178e65cf-d4e1-46f2-ad6c-9e09643edb3e,parkerkaitlyn,*4QrwW7iJB
f6a57103-350f-4b40-a9bd-603f83fab848,rcarroll,j&JJsnaw^3
f19937eb-11e5-4e8f-8546-fd0a9582412c,burkeamy,_Dz*6Xa16t
636de09a-f729-40c7-9202-06af6533064d,eramsey,+z5rdIyhpK
17f3728e-35bc-40de-ac0b-489090c6c3ae,valerie04,*khJOqda2i
4c36e92f-655f-46fa-ad70-99ac8115c8ca,umyers,C8zY*PhN&2
3d7ba079-11f8-4f89-857d-464b1bdf2794,jesus23,@V0yQ4cRiq
4514137e-7a23-4a2d-bdaf-f4951b3c2408,dduncan,!0VDUjag3R
4954eab5-4da4-4b96-a59b-e80a4521ce6d,paceamanda,@S!^R6rwz5
a3f95bfe-3848-43b5-ade0-6be585a8b7db,pachecoruben,p%!4ItTv$1
274ac146-dd34-4f4c-a6cc-122ecbfd5ce7,harrisalexandria,*XkTMr2ob4
6f07ac71-b9bf-4a9e-9adf-fe2ed79eb6ea,duncanashley,x+6gWPw*Kz
09a90041-fc6f-4648-8597-2d5aa4dd3711,ugray,@1V+ts06nz
2f534f06-ea63-4bc9-8419-4f9464a5d949,markfisher,)0WVGxRqve
471555e8-4beb-4e3d-8ad6-4e9734daba7e,susanbaldwin,rB17A&zG)R
0dd12373-f7f9-483c-8fa5-34189bf72b0f,pgill,Dyd&2INpwu
6447442e-e328-44bf-903b-22bfce15806a,riley74,6)@0FadhLT
a0a74352-5ff5-4fff-8f63-9cab7df090cb,karenjohnson,T%gA^4Ttm7
b72340f7-3849-4b55-9265-9a9926ef32ba,stevensoto,&w2SaHdY+N
88a0507b-011a-4b2c-8fb2-b1dc9dc6d9f9,dreed,O9tV%xgh#N
900ae88b-0aea-4fc7-a564-fbd03edfff60,rhughes,AT3p6TKx+$
473c6d75-b49c-4504-892a-ace5aef5362c,tammyrodriguez,4eRvKdpd*4
ff8b2323-66c5-4d47-9722-78526c591917,freemansara,b+W1ZvZW#M
a92415a8-5817-478e-b68f-19d1963c9427,romanadam,p$11EqpQB*
4e09c6d0-50dd-46b7-b20f-789f5a53ffd5,jessicabauer,H(0Y*HYsW$
7130c790-197e-489a-a87f-d5b50a4eb4d4,timothyarnold,(5Csb8Ze%!
08151443-1564-48c0-8fcd-383ff61f73f3,kyle73,DHGq6n%in$
53232623-6956-4daf-b378-495ea645462f,williamnelson,m4@qDGjx_8
4e555659-bcc3-4f13-b328-d02cced35170,wilsonshelley,P44OqVve^r
c9235400-5d96-4499-a603-bedea7a08915,michael75,%x#6z1Sw(F
8fe10a57-f53c-47cb-b604-ec88360e6304,tsmall,IhUXDHIU@4
c6fb4e5d-fbbc-4141-bbb6-2de7ff246e28,ubenson,33ACnl_v*u
10bc1c64-04aa-4c85-99b7-f83d6ae53356,braunmelissa,)5WHR0liei
d067b467-fc55-48b5-b9f1-19ceb9bf359f,mpitts,6o(96YOagw
525eaa0a-8a41-44b2-92d0-b676cf432c26,zavalawilliam,&s7SGz#eGR
a2b6e4e9-9cf9-4bbd-a621-b95ccd557f7b,coloncarol,l8*lBwWr_)
1c85cef9-063a-4bad-814b-101b97438da0,portercory,I&!1Iuly#X
8876efd6-3f3e-4f0f-a142-db6773e1a89a,nleonard,&4ztI^3pSf
9113b5f0-9fb8-475f-9a7b-9435eb23aa7e,cgrant,s3AUM2_t!F
ec410439-0aee-489c-be46-ee980d672888,robert22,A9Yz%)Y@*c
5154f201-56a4-4a0e-8df6-02f37726e361,diazangel,_Ta2lXg1v$
a1ddbdae-e22f-49b6-ad8e-330fcaa1ecdb,susan20,RIT8OTe9v$
ae6b06c6-43bd-45fc-b2e2-0eb300fa716a,williamskelly,$MW5aUqnv3
77f510ec-b04e-47fd-a968-bf905482b466,owilliams,ofBw5fZzF(
4df1136f-9cc4-4f61-8c5b-29d7a9f9d0ea,kellie52,y6nfl!BM+^
80bae40b-b11d-411f-a67c-0858a9e0893c,scottlewis,&51NcRieyA
07b6a64e-ba74-4fea-9b3b-a51f87e51a7d,nicoleshaw,*z(IBq8s0v
c4cbcf49-dac0-44ca-b451-424c312b7c9a,hcox,+NK%IzpRO5
be83a438-6e84-451a-93e1-30b52036930f,zacharynelson,W4#9HJNsft
de8b08da-c00f-4744-9afd-953caee5f9ba,browndonald,)45F!VMrxl
367a47ea-86ce-4407-9aa0-3edf6b514bfb,osalinas,oz+LA)Fz)1
2d106447-23f0-4dc7-9b1e-94c95a2b521a,eaguilar,*UNJxLpWL6
6e13de45-bcf1-4e5d-98dd-89be1559c9e0,mark96,_3c+CtutwI
7885db9d-9c00-41f6-a995-e3cd3989a368,chad87,_$U2vCkcpy
55d7f3da-61f0-4dfa-a753-85aa9f862126,louis13,5ztg6BaNY!
e07705e5-7e29-4ed9-bed5-96d9b505be9c,sydney92,+t2KOZHiM3
71fcfe01-5f87-48d0-b377-43b423c1055e,nbarry,+D3TnKxn%_
060d56c8-f756-4ce8-abff-7fe8a0ad2c75,cpruitt,Ic6DomJG!9
3ad70cd8-947d-47a0-a2a5-4b47aee36bd7,josephbush,&FL6RZCiJp
e0bf643a-e531-430c-9e67-e9decb7301a5,dustinsilva,s5(k8Tgz*L
cda978ee-2585-4534-8f90-47334673c67a,raymiles,@kVm9VG(b6
4e9a93f3-fc59-4928-832f-2067a886f270,obrown,jkTF0X%ry+
1df65794-ef66-42be-a551-5951f975a913,morrowana,N*9(CMnKac
d1f91b93-b82e-47f6-ba9e-1843f76142b9,mayovictoria,Q8^1AXjh1h
baa0b953-7162-4726-9819-cec949a02a39,ybrown,Ts&1^bWyDP
0ef1888b-50d3-4eba-9a5a-d81722bd72a5,orrmark,B#%Y68yuUQ
fe39557e-c3d0-4231-9a7a-211ef9089975,rgonzalez,ZVP5Axyp@W
13bae499-cca2-40d7-97bd-cd88bb4aa867,jeremybishop,c_C0d$hu&F
286ef088-d571-4891-a03c-c2fe512ecfa5,wallerchristina,n^513rVgDS
fe39ba95-82c3-42d1-9ac1-a9afccf29d88,anthony78,4eIcV6Ib*^
fe6c8671-20d6-430e-8dd6-223756b2a4a9,colleenhenderson,Q7^0VaEe$c
a6264796-125f-4175-aab5-eb7dbc45316b,joseph42,w_2JGbpZ*5
c8386497-3c1e-48ac-af73-d7646de04c7f,bakerashley,pC9S8wQx+k
e85283a3-2d94-4f87-8abc-f74542e06f3e,carrie99,*m#Tky5%V7
416c4255-cf66-44df-bf6e-f68171af17dc,sharon11,09YEDHm@^K
792c6e64-bac1-49a7-861a-0459dbe2b4b0,uvasquez,)K+5RftU$%
f04a6cba-d2e8-42e1-9dfc-59ab75c836f9,hlee,15)bDEOw)9
eb6574ee-1a41-4688-91da-12f0318968ad,rowlanddavid,9H*DB%vj$9
7e69b9f2-3906-4241-8f2b-de47a9d001e5,mashley,%zk8ZLr)iD
56e0ec94-2851-4f78-9104-4b6d76efe370,cynthiaporter,8tT)aQNb&d
eaabe8f9-d496-4fbf-8a5b-82d1d28469df,alex96,C62jCh7y@O
09140c91-0bea-4a6e-a566-a7664938395b,alison15,s)4Cr5xMwv
fdfe0fcf-e733-440c-8920-f6a29fcda401,shirley15,%N8$jFSnb%
83269ffa-3d41-4bd5-b967-cfd41dbd8ce1,rebeccaglover,!8Z0Ja2C+B
5a095988-d6a6-4f8a-b401-b2088e43924f,laura40,(WtTb9Or#N
558cf928-70ee-4cfe-b19d-1ad6a93704ca,wcruz,^0vJRRJz5a
938fdf0c-d82d-40b8-89ff-88727b49aea6,cabreragloria,43PZ3DsD@4
d21db2b4-5e94-4b50-936a-dfae1147e9d9,scottwilliams,6$9VwvTQcW
33784258-e706-45bd-925b-3ffd0002a52e,kaitlyn15,&%Yv5LXrZm
61effcaa-37c7-4e36-92f1-d0a9421d29df,davidhamilton,n^O^0UCm&8
eb3cafaa-0baa-43be-9333-ff17a7033b28,joan10,C!5&Df@b@+
2754e65e-3be9-465d-8781-33804b34a874,gregory40,O1+N9rd2^G
5c9f0c4f-2a62-488b-bba2-2a8ba40fa959,mark68,1WYT1HbS(s
e81e4a59-31ab-4367-a5b3-4e725402ad64,robert85,o#v9#8jfEJ
31a63620-51a2-4f56-b7bf-126815d240bd,hstewart,(9dEPddVYj
cc126fbb-6a42-4563-98bb-99f24ab28b48,billygamble,!31iCNyJ_i
c10e6798-b2f9-41b9-8e1c-3e6f8228b5ca,helen86,s@I#9NC^Wb
69db069c-8001-43a4-8b1b-c01482020c58,michael04,*CU^ip2ZN7
9a382b1d-ac23-43fe-b6ef-ecb2f133754c,castrodalton,Ut7Wun6J+P
67b80b78-9756-4f26-875f-30878eb013c3,stephanie09,637bBQx1$A
fe3617fd-4b2f-43da-8859-24fd483a0f41,josephpowell,!@5S8KyV4$
4fb94b0f-abcb-4ec7-a5b1-79353b3c9c9e,anitagallagher,B&^o1tKhpW
305c5a41-37fb-465c-9d42-23f004db99cf,adkinsronald,j&9LfGSzSc
be00e632-508e-455a-b27a-15360f84b78b,hallcory,(#C9Kn&@vq
e9b7daa8-6992-4451-9a22-b2bbc2f16f17,rbradford,WS#8A9LlK0
27ff57b6-209e-4f2d-81df-1448fd657b9d,garciathomas,f)Av+1Wk5+
c71577b3-2fa3-40e2-a325-d8e78beeda6b,ncooper,)Zg5DpKm^g
fb4737d6-767d-477e-ab85-837261e3410f,janicemyers,%$@6sFDmh(
346f4135-0bbf-47fd-bf8b-c01abb2c0311,khouston,$3ZV2r^h+0
6158a3ae-d320-4610-a7be-3ccc82d9a461,hayden71,&4GMVkLhgK
6a7f64db-1160-4814-827c-9229c7d01310,fvillanueva,+ITZWku8&3
a36be279-d237-4e3e-a42f-71b938b2bc05,michaelrichard,@41)TIq^b3
0774f33f-c9cb-4a4c-934a-35260edc8ebe,tonypowell,^9mfGUbd40
a275cb1f-05a8-4b2d-ab15-41db63da4c8c,mlove,0&9WzXBx+C
76563982-68eb-46e5-81e8-bfdc8fc4d2a7,michael07,0o0GtfGg(h
939cf841-b4ef-4aae-81bb-22bc82a5d7d3,mariarogers,)2s%Gizn28
5b70f219-d3ea-44e1-955c-ce8d3d228e18,qpeters,3F65H$f@+D
17451f7e-420f-436f-837b-f2a51fba0b12,rachellong,(8iVY*Tenc
60881045-d95e-485b-93fc-b29401d2dc56,aaronwall,8tZCL@hi&3
b36c7a88-2a42-4dbf-b4e9-8d5f414a0230,tlucas,&h0K6OXdt3
c8b8fcf8-4be5-42a1-8c0a-5810338d1ec6,michaellong,JY1BC3)dV@
a4f3becf-c0a2-4baa-94e0-6e5d9d39474c,kennethmullins,!3nes)Ih@Z
db3955d1-8444-4a18-8bb6-f4e28118f34f,hsmith,6+%5lFdgeb
909f0536-dc61-4d6b-9934-a34d625c0d93,laura66,_2T7aVm*ir
eb9cc37e-0d90-4614-9c8a-7dde04d28207,kristina14,x##c4KwloO
7910a167-39b2-4119-aa57-4a736c258ce8,karaallen,r2$Mm#Di!p
42472efb-084a-4fd2-827d-a7a55b2a095e,umiller,I9*y5Tz&#b
00135f97-80ad-41f8-88ba-d2434dafb527,morrisshelby,Kh#XOm$m#8
0dfed0ee-a646-472c-8275-d4f5059e7853,brooke73,fv@1Zjb95r
04a578a0-e1de-491b-a1f1-766b4d35acdd,jonathan77,!91Hk4Se#)
d04b4001-e64c-41f9-9ecd-4fb4aa6c20a0,lpreston,Ko41ZOx5@n
541f9755-9733-4f57-8fdb-5eb31a18d46c,nguyendiane,(qZ@onkYY3
2bb0afb0-11a4-486e-af18-6c780f28e70b,dennislaurie,_&585ZDoXb
1645617b-b045-471a-aa00-86de287cc8ec,larrykeller,y@r53Feg&f
563f96b3-a8b6-41a1-9752-1a066b41eee5,morenokenneth,#T05YoJj@&
2e04755a-ec1d-457c-8200-5513bcf260d8,gatesamy,^K(1HX*w21
c1e410b7-912c-4088-90b5-bfc936e73a64,estone,&^P!2CElbc
b4497b26-f287-45c9-bba8-785adf836a0a,fgreer,_N7aF4Gm%A
250e8d9d-bfe7-4a38-8ea6-9743802ad860,jenniferoconnell,hhAu9LhP*r
fed4e5a2-ce83-408a-95ea-8d6fd4d91470,hdavis,R%5B8Arl3+
216074ff-9d77-4214-944b-25c8763450f8,harriswillie,Wa!Q7SCy$9
821c7d9e-c47d-4b40-a447-9ce4dd04341b,qromero,!750kJqtg@
df8fbf75-60b8-429e-bf73-595088969c75,hernandezmichael,@2YZKp4nJJ
d0fe1452-8bdc-43c6-bd07-3460a4c1d278,lorihowell,GUA62gCu+9
089652b4-9049-40cb-a858-9a3229487d29,lalvarado,H$IG9Fxr)v
0807af24-8c4a-4549-84e0-ae87618b7137,christopheredwards,#0dXIA2EHb
90485505-4ebf-49aa-81b7-807c0597093f,whenderson,$Bj95KbtP*
4504cfae-531a-4201-96c1-db8aba7705d0,tiffany02,#h5Bo#0950
f71ffb07-2790-4e6e-b586-d0645d919506,kaitlyn48,8mrxp3ZR%*
5c77b63d-8c13-4793-ab1c-ebf857e271bc,jamesmurphy,*E!FfQHga9
96beb41c-9fcd-4d23-8c4b-4e9ffe45b47c,nbaker,@Lr!!Co9d9
13406f6c-f3d2-443f-8fa3-00bb57e7c362,samuelmurray,bua9oDnyk!
050d374a-48ea-4f82-87d1-1eeb612a5e1f,keith82,*PT2casy)%
e1376111-a888-4a28-9320-f61310274942,paceashley,^P&vi0UsLc
9a9bab91-3b2d-453c-9635-a04957233787,ambermorales,)51TgQ!zE@
52b6d783-d897-496e-a8de-64695994ba86,hwyatt,d6aZ+IzA$g
c63c71e1-b2d0-43b6-88b2-7725f5fc7540,amanda17,$4a4XOAhaB
cea5e490-dd17-4374-aec2-b03c20668d46,megansingh,1^bqnEOj&1
97f5bbff-bf6f-4406-900e-df6eebab69ba,erica43,_cDzBdR(b3
374444df-5ca2-4430-839a-f9a22f1e0770,stephanie13,i_2yjYq4vC
ec64e751-fe93-4c0b-b00f-58e6071ca95c,shanerivas,w3CXv1aa#c
e59db35a-d7cc-475a-ba05-c82cbbd82bfd,marilynriggs,47(MB0sQ#w
9229f941-f215-42ff-94ed-d6dad6ffa7a3,baldwinjasmine,DLf3BD^mt!
bfb3b65f-0f69-4078-ae40-7ddb963f0505,aguilarkyle,n3SGu_MQ#M
8f75e120-f7c4-4bed-8792-19b108284135,lori43,^bUef*Pj@1
b4817632-001a-4c0b-91bd-f2923c393a17,donaldhawkins,(c94OQpgWR
1445da3b-b1d6-4389-b25a-4c85b133041b,chris50,@*a56LRz_N
629e4452-294c-4e72-873b-704698bece4b,zrose,_mIe(uzm!9
6e84c5d2-33a6-46a5-9739-dee7ecc812ec,lindaeaton,g^3yO5Yvd8
d30a5da4-b383-4e1e-bea8-84fb68376992,jeromecain,t#AJS3O_Ej
95098750-624e-462e-a59d-8fbf95bea53d,bruce93,L2a!pSdf#I
ff91b678-a3eb-4c7c-97db-8efeb5f6c042,ljohnston,ySWMd56c&$
a1963fb2-0029-4af3-aa34-35c9da022cf7,jamessanchez,Q!79$CKfaH
885c9734-22bb-4e08-8b5f-e0d0829dcdad,dgarcia,Gj^!A71B%3
a06c3b7e-aca9-4703-ad54-a7bdd9c34eef,tthomas,yuzJ2iU5E$
4c8509c0-3ffd-497c-9620-2dc07f10d052,qsnyder,d3x3BNrQ^O
9c47c88f-fa8d-4460-be97-d5897d69b288,crystaladams,@kN09t5Bf1
e1f2cec3-76bf-458c-b5ce-a946159830bb,vmoreno,6qId&EUt^I
a95984b5-5bbd-4144-aa2d-bed49c37b7fc,kristinwebster,%4+AMXho@_
b83c1da9-066b-498b-a297-f962d16b1c0f,smithbeverly,_^VW^j7Y8e
0f78eca0-d8bb-4b62-91fa-acdf91b3e913,moorelisa,^5KUvCe265
766ee4f2-e2d9-4717-8072-220c91d9f3a2,roberto47,73k0V3Fq+#
c136ad1c-58d0-4bcb-afac-98d869730381,charlessantana,&8MuJiElMF
6788c9d5-0eaa-4f03-abb7-4d9b74f0b32c,jameshopkins,MRlb8Yx#+4
b645fa1c-017f-4510-8570-4cc6643d2b75,johnsonrobert,j&9Y#yG4+f
960d3bcf-dc1d-4e02-8879-feea38e4dac7,richardsonandrea,OIR39Ub1%4
648e4d9a-d2d4-4ccc-a9ee-8893ea2a8ada,nthomas,h!5LKJtSG$
84c315eb-5aab-42fa-ab60-942dc600ce57,derek30,0eYyrwvw#u
06e13a76-f49f-4a56-8633-4207b8c8c4e2,randy29,uF(52Gsi^p
c312811a-21ec-4396-8ed7-68d221b8505f,wernerdaniel,M3daV%c4%E
86405ed3-62e6-4c07-80e6-82e4bc0fd423,dkennedy,D$Na34Mm9T
2bf7e0de-b907-4582-bb06-444419072635,bphillips,u9YiDZLz!O
ffdf0d4b-072b-4618-bb65-ce4af31eac37,barnesbilly,q^22Zon12)
be4d3554-3db7-4718-a9d4-08c08b2996d7,todd02,2)8ytVRcBn
cb980134-23f2-488c-90f1-bd1f6336d828,hilltimothy,^&WufnF_B9
f332a10a-1ea8-49f1-b9bd-6113caab7466,jacksoncourtney,E(UsP5#vxC
20e5ecaf-4e4c-4978-8194-e467a31e9104,valerie41,@4hCUd_)sf
f394aee1-f337-4434-a7f2-b4b28e17b8dc,deborah71,&AN1!Xobq%
a900cb8a-424e-4a78-b005-5114d826ea1a,russellmartinez,p9vvuWHo%C
faa746bd-e7fa-440b-ba8b-dd72d8f26953,georgemichael,y2A6%3Aw@F
663b351e-8241-4240-9685-4730e15f4d24,john83,%k$4L8Zu_!
97508e87-2f14-42ef-bb13-3eb4edf9e6f4,vhenderson,O)@+U6Zpbm
eea23138-544d-409a-9b96-6e23d9903aa3,chadhoward,^VH2#%tpn5
627d9778-ede5-4c35-9c25-f566bc7bba68,bennettstephanie,*^kSJX)Fw1
100d9603-674b-4519-bfac-6b89156cc9e6,logannicholas,u2VQJ8+h@N
261eedd5-25a0-45d5-8003-6aea6823fb2d,thompsonrenee,+1$HscaV+r
44bdc809-2d65-43f8-ab99-3f0be3731ffd,ryan50,^2PYUeko%5
449bee88-cc47-410e-9660-271f0a04d2aa,michelleharris,w(HW9+Vh)Q
137ecbd7-91d2-474a-a34e-24dd92db397c,pottstroy,5ajKtO10&E
26003a5d-aa81-490f-8777-45fce407e11f,mooneyjohn,2@FCGb7Y*L
19b49b93-33d4-4c97-941c-b265eaab3dee,yolanda41,+%CqMD8E7%
8838243d-de53-4eae-a411-e9675e976d3f,megangraves,$Ja0W6Yo^@
d152b7f1-f453-40d4-8f9a-64bc25247fb6,torresjacob,0!@5BKg495
6f50f607-ca66-4a8f-84ab-27f090846a24,othornton,!^EaZc6sg1
50fcbf52-bbee-4789-98be-8683c5775bc2,mcknightashley,(TY3QNmpV_
61d75585-15fe-4ee7-a758-f3ddb1573ad7,crussell,40Lnx)AE(+
62867224-3e06-474d-ad08-3a7882e76aed,ygrimes,&u!gW8Qck#
64e5a3f9-f38a-4630-acef-caea4547ff99,moodyjohnny,7!d3Yac2F)
331e3502-c0d5-4429-bd63-9d6e1b7e359f,ctran,pT4JA88n*m
4437ca61-681c-4281-bcad-19ca783af182,donald10,#9WAc!CybU
f1f898ba-fa2d-49ce-8d61-683b54e920f2,naguilar,)^3SH$Jf0X
64aa80fa-a874-4727-b8a1-8f4b62b66f99,tamara31,+%bM$4XgE1
f4fc75ef-6039-470c-9438-603546c1d199,alexismaldonado,b#E&yJLb#0
020465f2-c6c8-44d8-9458-54c99348b9b7,frances31,kj%33Wea*s
bfd07fac-cc4c-460f-a97f-6ea8163d2d25,nhernandez,_E3oIYHrv3
dedc5780-ebf2-442c-8f39-b5dd8a2e5106,nhanson,_6QM5YwR!p
81314049-2eb8-4eda-8586-a1e1a1e29851,andersonzachary,%v2NHstgro
82263365-e51d-42e9-8d20-a853f87a776f,oroberts,2q0q%rNn!s
05466168-6274-4299-b821-bdbf952605a9,tsantiago,x^Ls2ShkjP
a465033b-1f8a-4380-83ee-e0c6d18b4de9,ronald33,sMC8&uPsP^
791fc5ac-04db-430b-8011-8d83027c153c,xcameron,xy%4VL^f5^
58a1fac2-82dc-40f4-afa1-624a38fa5e7a,april57,pM9Schzaw)
6ad45844-7790-448f-a89c-644ad4d76bd4,sarareed,11^HVbha#9
015ebbaa-cfaa-4cf6-ba1d-ac6b9f80dc9e,diazjohn,qFUk6h3u!9
2fade4a0-52b0-4391-9726-49576ac79bb1,ymorrow,%(1AOkf5*2
4bf0f0b6-5bcb-4eb5-ab41-9af02c0632aa,griffindenise,#4MQXwqTvd
2bb29ff7-400f-4f29-acc2-b507f7e56863,stephensonelizabeth,S!d49Mr&HO
5a05cdc7-bef2-4115-bea7-ba65ee9c4b6f,barbara90,(eWM2YMzP2
ddca72e9-aac2-4184-9779-491e9e680ec6,abbottrobert,s)3A!FkIcZ
25fd3899-f488-4a81-bcbd-668186f7bea9,ginasimmons,FIMoNMYa&5
84edef9f-8bff-4d3d-88b8-8c16feb96f02,smitchell,JR_Z2SIyy+
d3585fae-e2af-4888-855d-881ca0fa7b69,saraking,#PNgssv528
20b16e6f-d766-4ba3-8f5a-e3cbecacca28,brianleonard,hUD1Wora9*
664ddf23-f117-4cae-af5a-358b125853e3,pjohnson,LeO3PIz2(&
022cffb0-486e-45fe-99e6-3818c9129d9c,taylorbrooks,4#mP!8MfPn
dfe35e98-c76e-40d0-8aa6-fb0dd67ce351,asmith,(OCx8*Od3t
9ff2e35c-a1d3-4921-8774-5470fad9a817,abigail20,!R3e4pMz@(
10c4411b-5f72-4272-a783-79b9fd48bf61,donnadouglas,%5Q!Fg#)2B
f1f8f5c4-26f9-499b-a6e9-0d956e569f63,fwilkins,0G!t7RgkLH
ab25f57f-09ef-4aed-a5fe-542d9c4893d8,michelle01,E9^HbxG2(f
5c1990be-a8f1-45f0-9c1f-46b72b7fd31a,joyce73,&21$xE8y@2
5eef8ff1-6262-4899-a17a-6a1d53d3edd5,xkirby,(k4Az!wq*p
4663f147-7439-4206-a4d4-586945ebf730,hicksjonathan,Vp8GDX41&8
19ed3b78-979c-427e-9b52-95e298e407a6,hrobbins,n5*Bu0gX)u
76dd6fb4-2708-40e6-80fc-19dde5c852e1,kvazquez,+1G!X+JeL4
8fcc4ceb-682a-4ea3-b278-52a621b75387,edwardsrobert,!FnSMCxV8Z
9d2cc914-f007-403b-8a3e-abf629f07954,veronicaalexander,2@1aaFZc5m
77b59503-d011-4215-a8a0-0615dbdc77af,jjohnson,Sb8MEymg_S
8d3f2ab7-83c3-4e90-ad85-386259cd9a65,diazkristine,*VOAcykh%1
6aadd14c-5d17-499f-b9bb-8f059ce722b9,wellsjody,lSk9Wqi#_6
1a4002fb-1bd5-46d0-9c5e-18f9087b0120,crawfordmelinda,+!r8Gj_ml*
4b0c7151-4be0-4138-82fc-eac3f1218af0,andreabell,L6breDyL(2
0055b4cf-1f4e-4bc0-917a-a661d2918dac,christina50,*fFHcteiY1
84c8b7ff-53ca-4736-a494-fbe1cad11bac,duane30,6ZYpRxG1&4
7d19a3a7-c984-403e-a33a-dba43d0dcdbb,gonzalezteresa,b%5MpKbtGv
0acd687e-2ca6-4cee-a7de-6a76372bf28c,mthomas,@9BN4)gz(7
fc26193f-9959-4bd2-a786-fc75fde8cc11,rodriguezchristopher,_0&2@IQb_q
24535de5-85c7-4810-81dd-66630929aa61,mooneyjames,y!1Hcq7w1)
c9a03249-d680-4689-a65d-05840d3d29d5,evancooper,Mj7!8$Rp#F
55fe6056-8270-4cd8-9897-9d37b47d5332,lisa33,#5Ji_NTa@I
744c2fc3-c52d-4f10-8793-db2087376ee0,jsampson,b$A6FFJrU_
f4489051-02bf-4175-9d7a-865600316baf,alvarezkathleen,$qP*D7BdJo
18bac1e0-ae82-4b11-98f2-7a2ad6216887,travisbrown,@L58%Mxgr^
6c255321-ae8e-4615-8eeb-6ebc8b5a1116,mark61,F!3xS+v5E#
27ba3421-9949-491b-8108-39f3ae40f477,kenneth98,&4EuKCGyw5
bb8b380d-c51a-4134-bab8-6623622e4488,vlewis,sFql7oNy*5
a91fdb6e-8056-4f24-aa6a-525a4ae51148,smoore,i(2sLb0zQy
54e565bc-a9a6-432e-92aa-ba9e12ebe537,melissaortega,*5W!YVjDdj
6650d02e-38d2-4216-9c59-1dd77ec6d306,jasonrodriguez,PJ7Q$xqxi&
e338bc16-eec4-4dfa-84f6-e99ea8ce728c,marcuskaiser,J@T4OpXWG%
96852983-171e-4f10-85d4-5bd93041451d,johnsonalyssa,_(I9MzqoI@
285f4945-381c-45c1-aa69-7df2b32e0918,ashley67,U+626BSdSg
db6b178a-406b-4335-bd8f-153101d1e49a,blackjasmine,p%fG5Qpgkt
837e2d44-6cfd-495d-a3aa-6d6334231df8,jenniferlee,)%u9qANr*S
028c6965-5c0a-494e-9b94-559d53aded34,kennedysteven,)^5uR4cmzN
49f26a69-8618-4304-90dd-c3bfece7c052,bvargas,*V#l4bYev^
c1fb00b5-5466-4375-9a99-770f9c81a23c,michaelbell,$aO+$2FkR$
c6a17621-581b-4b5d-ae55-c8e11821f3ec,mccoykevin,!lDxPcXq1u
3ce6b1bd-7cae-45bf-804f-3b8f986d59a6,melvin60,M(7X3qOiPP
9f08fb27-61b1-4dad-83a2-646284fa24a1,johnmorrow,+4#QLa1Wx7
bfc73dec-e5e6-4cef-8dc5-62cc4987f51f,michaelmack,(%fGM3EjSb
b8f82c68-24aa-40f7-9339-7b1025799a67,erica70,*4hSP7IirA
bf3b5ca5-8005-4b15-8471-018b10d1b3d3,lrodriguez,a5XAt3ga#i
2ab4019b-bfdb-4dc6-919c-eb577d47f5ca,hallstacy,Jva#3IkeBF
11aa944b-8c71-48f0-84b7-db9269d0d348,anthonycross,5jYsx20!$q
4232b87c-b86b-4773-8d4d-ae0ed7c4c56d,adam42,%is7+rIYK*
a0a52413-2c40-4c4d-bd51-63675d2b1293,david00,465EXrvK@&
e3776860-69d2-4abe-b705-3e0d9cd0c57c,cwade,(1$O#s14U&
75fe2635-73ac-49f5-b78c-542dc3891ac0,alexandria06,J)Z8JQynk9
30d5a546-52a8-40b2-830e-b587ce6baa06,swalton,&JsE4ElSK#
ed4f1326-c95e-4fd0-a4f8-d914266fda46,jasminegreen,+9_1AjKc6^
27152b2d-ba97-476c-8ceb-af56e42d0a27,alvarezkatherine,)9KUj5utQO
8a1903d6-be98-4817-b08b-099013b5d845,calvin93,$m)01PhSd#
38b5eddf-6f1c-4488-bd00-e3b656942e17,kwerner,%59WMhAK%2
5fb05039-5a49-45fa-99e6-1ea9a238922c,wardluis,q3u$3XwGuq
b2c8a45f-1665-4213-959a-10dcb98cb6de,qharvey,uiqKuMFc^6
7075135c-99a8-4d72-afdd-612cbe92b7a9,nicholasarcher,mM3Rbp2n+n
c95862c2-f03b-480b-bb4c-31e29c156e73,toliver,)pGqGmRSv2
6eb0a788-3d00-43b6-a0af-db82724d48c5,wendybyrd,@YfDPMn%0M
b83865b1-356e-4b43-bc41-8d8b05fbd477,timothybryant,V95Yc1xv$4
0e33ed6e-c5de-43dc-9fb4-2ff6fe65dd8e,kanerobyn,NMS2GqsJ)X
2a3b41c7-38cf-46f8-8644-bb4fe1995b91,matthewcunningham,#1tRkiP$L_
45be60de-f994-4923-b483-4ba6674bbdd2,michael58,(7B(bPGh1_
9f2b9501-f7bd-4b6e-a39a-5064da76d9a6,davidsmith,V1ZFYIQh(z
c21316cb-2719-46c4-918c-3517b4397cbd,higginstyler,(tfG7MWkRx
365e3b65-7954-4fec-b49c-e5d25428d4b8,josenorris,R9VEmes#(T
8183f97c-266a-41a6-b69c-0517c2559915,hullvictoria,u)8)1HUp*)
e631f938-4018-4d6c-bfe8-70b1bd4135cc,tylerferguson,WDs@7XjLeV
ddcd0c7e-d485-4f8d-9845-03233c7efe5a,nelsonevelyn,&EWk2D6ig2
62f3c745-57ff-451c-86ed-18b9f6ce57be,edward42,)8c9A2sB5V
f5980d6b-6a39-4aae-8497-38de7d46ee61,johnsonralph,ehu(4J9xJ^
0f6025aa-2dcc-452a-82ed-9818d30b4c09,allenrebekah,$BMGB&sg4v
a053d50b-4f98-43e4-be82-1b43a4eff071,georgekeller,y$g1fPYgrR
6771bdc9-7b60-4de5-868e-1372161a7845,carlacruz,_tRtn#tv5r
63e2e639-c7d6-42d1-882b-6c632e8c80aa,karen12,%wpTIdpBO4
c677620a-3929-4ea0-b15e-b6b7d44ceb71,kmiller,%*iI$QBj5B
37668976-e775-4254-bb00-161b18e4c24c,stewartwhitney,i$4W&TKzDk
2d36c133-b8f6-4d55-b84a-90207712298a,villegasroger,%s^GS9Sn*7
11e6aa35-9263-4df7-b4eb-2d0d7995b4ef,linda48,!s$8UpiW&6
5ebd38f1-dec5-4900-b592-7fe956fecf58,ashley30,V@6kUR+tXL
8d05e625-fd2e-4f95-9e57-4adbf440cb02,simmonsbenjamin,ae91ZNfh^g
065d43ab-24bc-4c59-bcf6-07ce8325112f,allenjason,)28EvJ*wVZ
08091c84-0b4b-44fd-b4a5-d2f1c8764d8b,amberconner,1z2JYIfW#2
7ab58767-4423-486c-8cb2-78e517951911,stevensummers,Jzp%3Za7#$
83dda0ea-d80b-4468-bff7-bbf1b9441719,alyssaking,ujNP$EeY)9
c59a8a53-b49e-4df1-84dc-43cd34a4b63e,angela40,#hJH&P_743
f418a4e4-ccd8-44aa-b653-f746ba4c70f4,jacksonmary,^sh92Gr%Ea
5fe6286f-9530-4a77-90f3-3f164278ba10,mmiller,Uk9ZSkOq9#
c48d425e-8c3b-4c65-be13-b772379f8518,shannonharris,y6PP0*7_)A
ca84d34d-2bac-4a3c-becf-933f34770502,jennifer63,(7uETt4W+7
26826dcf-d5e6-476a-b5bf-6b07c3ab86ed,jonathan94,Q2EGO(pn&9
c4098f24-6df6-47b9-85bb-425f6ecd5740,xbooth,%LRt$uUr%2
c5adafa8-a774-4f5f-b3f0-0eb1ef521494,karlamccarthy,&6NKupKm9$
1d1f2cb0-3890-452e-8a08-2f0e67115954,mcknightveronica,uc$3Qj1dY2
c8e64a8d-d874-439f-b67a-aaccb1b6f76d,jacob76,6%z*b4Nb(A
9922d1a3-1b78-4c89-9831-1a523f9ac8ce,jjohnson,#FO39Lux0*
9d615ed8-88a5-43cd-a021-e112710b472a,vcampbell,ZI2T65Wl&(
8f3432ef-4d5e-4ae6-a62d-4aee0749f35e,cynthia55,0tT1WJps!p
425ad4b2-b2b0-48fd-bfc1-ab1b002b037d,dedwards,yf10GZpju+
7a35e4a6-3d90-4f77-98d1-3821748aa25b,ylove,#66Kb3d)od
c92267ba-cb85-4f20-a4ae-f0c434392d98,stephanieray,8^75R$h9)j
fdb1a26f-b90f-46bd-8866-dcefe3b10f0b,vnichols,19g_QfJ$_o
5ef07f38-5f36-4f28-ab39-ffd29192d114,samuelsantos,*o+P_6lZI1
c76257ca-08b7-4891-b6ca-b6e9ca9b2e63,randalllloyd,@lH7cZudjY
254619ce-2b7f-46f8-b37b-6112b89d9103,samuelanderson,@3HklZa&Mc
cfe177c9-4c4b-4cfc-ac1c-5de234a58625,fbeard,k0GxU^mw!Z
b55c0600-d7ba-44f7-9957-13417230c60a,karen19,j0f5*KM__i
8b20402f-872e-4c28-a899-d5dc8015ecc9,ijarvis,*J2gYig1b9
b8523fac-9e38-4c6c-8a5f-2583f043b814,vhernandez,3016Zxdg*^
5f290bc7-b29a-416f-9989-e73ca107c34b,cochranrebecca,h^cm7EgFt3
0b3db5dc-354b-4afa-9a48-fcc9ec1e6bce,dicksonraymond,MNilA3Os#0
8f4576cf-57f2-4add-8dcd-308e59edb65a,autumnsanders,#a3Y%Ddd^u
769ea9ce-7630-4e75-8a82-3d2d8e75219c,kimberly37,+6%*Jc1EEm
adc75953-0b29-49a8-a504-9d23ddff4c48,taylorlaura,$8iaV_Yh)L
8b9d5cd7-a703-4c67-9065-3cb49377e044,caitlin99,*6#yDe4e64
aaa897f6-ad9f-4413-b314-c5f8e3ee7147,wmiller,fQ(2TujS1y
4e21a9e2-3c49-4e3c-aa9a-2a40c6429135,curtis60,vWThy24R*8
1a4dfbc9-9086-4cc2-991d-f002066d061f,smallmichael,)3FOSfi@0X
540e771a-e817-4cc1-9fd1-fcf85d13364d,ltran,l$5IRo+lMn
f18abd08-ddc8-4a30-8d74-0c05eebbcf00,williamschristopher,74XfVy84$q
32cc10a1-1478-4de7-902b-84a6349a3814,ztaylor,Fv1dXcwl@4
b09dfb17-1b65-4ce5-9e1f-8ef1234067dd,josephkoch,#81RVMbJ82
d30c08c6-a653-49f1-94e3-4aefbc857e51,parkcarrie,Ty2BIJ(t_&
3303fd75-680b-406b-baa5-a8b7f75592b2,vickisimpson,gyq8ZaEuz+
06d4afeb-d824-4609-91e6-097e59cf044b,josephwilliam,^P^dMFIu1t
141e9c45-7074-4102-963e-6594e9facfdb,gcrawford,CviIeF%D+4
0d01ed21-831b-4a45-a5e7-b370e665e566,dharris,^9Cu&r^TVF
45295061-f7dd-4b12-b0fa-b42cd684f052,kellyandrew,&1Zn)*23Y+
e3c85416-9f29-442e-9387-92eaf3ad30f6,david16,S8+45$IhPq
e7fda0a5-5637-4e57-8ca6-3543001e0da6,sanchezfernando,7+k0KtfY+e
b20f1c40-1699-4d14-a5a4-0a4275b1133a,brian91,^9Obpf+9jD
78c45042-722c-4985-a86b-cfb3ba7a567f,gclark,%8BHnyDYsl
b0d8afa9-d0c5-45f3-b61a-20fa8510d93e,melissageorge,7Wq_NJUz^s
3f058432-0aab-466f-908f-219fade976b6,jessicarich,S8tYeVxH@5
7653fa89-f6ef-498e-a5f4-77d42caa359b,autumngray,a(4TkjHxSL
7c62715f-1d45-46aa-a75e-4f93316e1e99,diazsara,$c68Hudx48
ab7f8b26-3c84-43d4-9be4-cc4d22e99d5d,brianday,wMu5&Jkd9%
93f3e9f4-0074-4496-9bdd-ee95f6fca454,twilliams,tw0Yj&cr+#
2f6f3220-1d89-4370-a82a-db7c7527750e,andersonmichael,sjFnsqvI!5
0c1b415b-b672-403c-93f7-2ad42565ad01,cummingsmegan,V+0Pq&xCiy
3d493173-7743-4af3-8fe0-c8f4ca04a160,qwalsh,*G6UvYgvo)
df1f4bdc-98c9-4e28-8e50-8cab282b39f4,amy82,j6G(eI9t(4
1202be6b-e6de-46ce-a3fc-5a338d40a2bc,raymond31,*+Dm33xyQU
51482ee6-2e11-40ec-a4ea-1280d0b7b13e,jamie04,2iLWbrjI!9
42f444cb-6977-464c-bd0e-7b9f7533625d,millerpamela,p)__9S5wYc
e60e4964-7fb9-4cf4-97cc-2301ef16f3ec,joseph32,!AL1Q%IhOx
79dc7572-01a0-4296-a758-a7f9d908cd09,ryanpayne,K%ag@2Koe&
cf0afae9-69de-4f7f-ba76-d78b1688636a,escobarbetty,v@y5EOvCIk
d6dc585c-390e-4333-8bb6-c4b472afb5cb,brittanyflores,#^(9ScQ7GU
a7f2592a-0577-4e0d-8888-76b57b04f913,kelly25,v%J7)@Mq_!
1589dfc1-d4e2-4204-bf63-f5a702ee78f1,alex27,(8qBHepgig
5a562d01-7bce-449a-89ad-cb7c9ea23139,cynthiajacobson,%oTCNI*b(6
25f1f549-b74e-45d7-a8f0-62d7436cee58,jonathonmitchell,F#h8PLXiGV
f92c84fa-ea7c-4db2-be8d-341240322f66,hernandezkayla,)aQl1Ow#1r
8e28e8bb-80ae-4489-b622-c84cfac3063a,lopezbonnie,$_wK0Q%w9M
f92553dc-bb22-415b-a44f-6822c2d3ebb6,richard32,*3old5Zc9)
74d2efde-3677-4db4-87f0-b3b50c478220,nelsonjudith,ozGsVRiM_5
1c41154b-5f59-4b52-abae-c77346250786,fbrown,w#8O6iFeZu
788358ae-f8a7-4d72-b9f4-561169948039,mahoneydenise,aI8K70Fo9^
89cab78e-a0b5-4be3-9c47-a472a1f31ac4,davidvazquez,FY7T5BYl)8
4f507392-0ef1-4286-91ed-37dc9e90c5c0,williamwilliams,27Wtaf7$_Y
97815312-909b-409c-b641-9fcce149de66,harnold,0@SYl(nW#f
3d407035-209a-4850-986e-055e611b5ab3,michaelcochran,N(%5tZcq@(
2e29599e-3d8b-4af5-aeca-888b48449c9f,santosanthony,*4#4J2Yex#
ab343f25-9197-4396-b989-eefa4b975c6d,reedlisa,U(1XD1_d@V
2dcf2936-023d-47e1-b874-19387f34187b,fowlernicole,@*rAopbd2f
b446a8f5-77bc-4b49-8ded-c1c1378465b5,zmelton,T@9lMlC!gt
6aa22f95-83d0-4c8c-8117-680eabe79f22,gwalters,!KSqXNA$8i
ea5be643-def5-4424-a8ec-5e675cfb2faf,holtchristopher,D3f83Bv5%B
6df8da20-e202-46ce-b5a0-6691dc83b3d2,michael80,+nNteLBMv3
0d2fe35d-023a-46e3-83e8-62cdf01fac8d,jnichols,(4KnhI#y9(
60766834-85b3-4478-80ee-5a1ddf618b40,jeffery85,!)8G2mBjXM
1bbdbcb7-a40a-43a5-a491-8e73a0fe89a8,ckim,o%1s+Za9_q
87260596-17ca-4f5e-babf-4e6a91fbe63a,april90,u2W3^f^p(U
3ebd95bb-456c-45ab-b536-d2083dc46945,mjones,r^9DqmOS+&
550f4554-e29c-4197-b017-9f9f3a8604ea,whitemichaela,#@W1Bi3&M2
2b576c19-d021-40e8-bf0d-fa4cfa3b7a77,joshua41,+(7J@pbiAx
9634d392-62e6-40ee-b8fc-489a14bea6d0,harrisgary,nv7BFzHn+(
d23cf66f-04be-4ac5-ac09-1c3073e1909d,pamelafrazier,*7N0TiroMM
3da2e324-fd00-4efa-b41f-31e6011695d3,dclarke,_#w6aJTdzf
a2984a0a-3ef2-4f86-a51d-3df9e0b1db42,bryantbethany,UT2I#Ui4h*
bfaf0a07-fcfc-4647-8c4f-733efe504ea3,samuel33,ecL5SIckp)
f60e41de-5676-4d01-bd4d-65fc651512e2,lauren71,&itCZb!Y&5
16838b4a-c9dd-4a64-9ace-09a481369fc0,kavery,!21MR%QXqM
b2271a4f-e7ee-4868-b06c-4b699223b36c,guzmansusan,g+309KjM)!
c6d68d14-3c24-4bbc-aa2e-d11fe01e75fc,amanda47,)oYe2FlH*h
2884d468-9e88-45fc-8190-a1e7b8d8e398,jeffreyjones,29I85sAT&B
6cf2aade-b8cd-4992-8deb-1d0ebb10e901,fperez,c17POPPh!g
5409fbbc-0c41-4547-bc84-9fdca93df0bb,sanchezdiane,Su%O0+Odz_
2b5f7ce8-e1c4-42a5-98f9-933b8d62e294,zarnold,S0bAurUi(2
241850c6-bfb8-43bb-9a65-7a98edeeceeb,jeffery14,zTOgDWI@*1
b43552db-10d4-4347-89b3-31efbd78b2f7,coopervanessa,p^1m)O4p)9
b04c5f7e-e53a-4041-920c-21425a0edde1,ojones,$pPm5Bmpn+
296c0ca2-12b5-4e17-85a8-6fd4ac4d2434,wardlogan,Leb$2oOzn@
8f6898be-2065-4151-843d-4f8d61eedac2,katrinacampbell,vnN2qrF^+4
aecba584-567c-42f7-b872-18cc1f0745eb,davidsonanthony,+(*jL3HrCo
d242365f-9fea-401f-a7b4-68e3ce91672b,ashleygarcia,_S!1b7CgH#
3a0468b9-5fa5-48c6-bbff-c4080374062d,maureen81,$J8BiMyyAb
aec8db68-2c0c-4215-8d2e-182fcdfd3d05,stacey18,+u7Ls0pmx8
4d0f5094-6647-42a0-9e75-d2126d6f32ec,lindseybentley,(X$h8_Zbjk
3c00cc83-1b43-4137-996f-198754b29b29,karen90,h@4hNLza+4
138066e6-9c56-4b8d-a400-550fb8824a5f,tylerjackson,%_2E3mm2%N
a0ceef31-ceb1-4445-9611-761efc9c6335,johnny95,0wf4ZF4W!6
253bbf72-e273-45ce-922e-4a7db995ba74,jennaayala,K0O2Fr2M5$
58a2162e-c85e-410c-a8c1-c006442f39c3,nclark,R9ZtsUf0+W
1e06f82d-b21d-4cbf-a50a-f72a3929afa0,turnerjoshua,odWB^QXe!1
4a34cda2-3539-49c1-b1b4-2232e51f72ed,qmiller,^i1WWeLhUK
92a9abe6-31d7-4c4c-bb8e-8007400353b7,ericharrell,11XX75z1@3
ca55e03f-28c0-4dc9-b447-8a44086a73af,parkstracey,^fS_B@R^62
9ffa48e8-6222-45e9-98ae-65d2110333c5,sjohnson,%YGlQlpd9P
9da5f5e6-6f73-4ca7-96a2-ed3621620bfa,harveyalexandra,#9kJgLkC%3
8a033550-c0dd-42cc-a829-b4c3f7f79171,brianfoster,5cOw+poM&)
b6a959cf-f952-4017-9b7b-8ad7f084e350,patelkara,Sy2zeESht^
d37c8e38-00ef-47dc-8b09-efe82964829b,fergusonkevin,e_l4t3Vqok
1daf8203-b191-4bc8-b7ad-9583589828fc,dmcconnell,EbB2X$Evf+
1b55f9cd-7623-4d0f-90b5-3616edb7019a,robertallen,X#fR2G1i@c
76ec266e-4d90-4d2e-9f01-40536c9aa1e8,andrew67,slQ!r$K^(0
9b6db282-8bc9-44b1-8fe1-2e195d041b38,ohurst,sI%0Zzo^1z
17a69d2d-e795-4793-b3b0-a9c68a6e14fa,holmeschad,dkGipE8d^3
3a869828-7046-4d09-881a-25e6668c08c6,qmckee,21C*xtp3#U
60e2a5f7-e20f-408d-88c9-1d29ecf00e7a,williamparker,!Y)7KvP4!r
2b622509-d5f0-4fc2-8036-84b6143925cd,nconway,94tk$vMq(J
7672aaf5-f746-4f07-b86f-7da75025296c,rrodriguez,m9gOerWm1%
8074e8f3-0e47-4ebe-8a07-673daa00787e,nicholaslopez,H+ELT_7qER
70219e65-68e1-42bb-9e24-63e54e8c1ff2,silvajoel,&KH*&b0*)1
0adf741a-6cbf-4eef-83de-6820deb05abe,melanie21,%24GCEikQH
d078c101-4265-4934-b26c-071225b1525d,leejoseph,A1MIIXkn*A
e0c3f667-f076-44ca-8e6f-fa4bde57c91a,patrickaaron,#ruTQa7r$0
910b7b96-9d73-4011-9b77-79298eec67c9,brianpeck,hXQAB#sV_4
6fb9e780-9995-4bf0-9d70-068a0bcf62a0,christian86,KApKVfI)%0
f44eab83-668f-4fbd-b751-87cf11903375,dcook,@%Z1FOFsm^
46f31fec-dffe-409d-9d7a-dbf53678f6e8,jonathan36,9x@Li*YW!6
6801ad4f-613a-49ee-8b0d-adfbd5fb66bd,pthompson,Wjj7NYW_+8
62d09e3c-e107-4152-9b9a-7e137ab96c65,hendersonjames,(9hELVri*D
aafc54c5-7012-4de1-9cab-c2417a3086f9,alexanderelizabeth,UH1N#65c(q
a6677991-72e8-45a2-8431-c3992af5807f,derrickclayton,J70XZgS^_t
0bf70221-803d-400d-9c08-e1f6356a99c0,kfoley,%qa&wJc2$2
d32f8aaf-c277-400b-9a3c-d2a283605e6e,justinmckenzie,$+AZZw9_3h
282faa02-3b83-401a-b183-775cb559bfff,evan41,_1L+TvgguL
45ef3dbb-31a2-48f8-beb7-a9ed626139b3,heather55,uN2xnZ_x)B
f7594c8b-7a2c-4989-80e4-e35fe9be806e,acostamelinda,U(a5JiOKCy
89ba3f1d-0d1e-4578-9f75-eb85d608ee41,gpeck,)%3CFyt^*0
88524303-34a8-46c4-aff2-a750ba5576b1,alexanderrhonda,y(6J@!tN*i
d015f301-6600-49a6-a5d3-1f64453e055c,garciajodi,McBBtkmr(7
e2587837-4e05-4a81-be9e-9bfaa9ed8948,danielrhodes,+*6@X9oMh^
82e3a3d6-c3e9-4afb-aecf-9b6dff93e90a,bowmanmark,D&9hHLBr*i
1251cbac-c194-4fd9-af1d-e0ec674e5fbb,dhunter,y1Y*2AyiV%
6606016e-febb-4873-a27c-b7040e56b94a,livingstonnicholas,(_3Cb*fdfJ
eb6816a3-f338-4e81-9ce1-658fab6f8f72,cjones,$kMad(g7_1
9d344973-acfa-474f-9daa-e50623ee93d4,kellyanderson,*z!8wFrg9o
b7cb1b8c-d600-42c0-b823-2fba69af7a4b,thernandez,@wi8lCJk2j
265a22fd-1a0e-4eb2-9bd2-657283c01654,dburns,(2a(AoGQ!^
23f9b249-89a5-4bb2-8d4c-b0714731bae5,raymond15,#9aqj4ZjM_
2d9529f5-f01b-47b0-aa10-ec47cb450815,rvillanueva,gVc9AvyRZ)
3bb1ed85-3d71-4875-b052-2ca28a6e3fa8,brittanyunderwood,4N4_$7Bus!
65159eb0-8093-4dde-a99e-738bc67f0187,michael14,2eJ1QN5c+Q
6f736898-2261-4911-9d2a-587e341e3f10,hrivera,+tZF1FB(14
0f2af7fc-3a97-4f6a-bfaf-63b3d040aa4a,ajones,qAu6NyRq_5
09164e31-36fd-470a-b17a-2cf5f5201d5d,hoffmanryan,*VV4dUDpnd
795c68dc-5054-4ee6-825a-f0d5f402f278,hbrooks,2^5(tJceWX
d87ff9d1-0ef1-4033-a36a-45afa28e1b13,davidbishop,q%56PAn&e*
ba52cd7e-1a06-4b43-8acf-57bfdc53111c,franciscoleonard,_5i41Psa4j
3927fd17-487c-42bc-b6b0-242fdaf6ad22,whiteadam,5TS_2IN0+u
ee964dec-19e4-4874-b3ca-0aa0bfb5532f,douglaspaige,)lW2BdlcKq
376777d8-e3f1-4726-a72d-6754b946822e,melissa29,vk_9b9Hh+(
2669819b-30bd-4d00-8595-1e5a9038278a,sandra08,&XR9u5oWu2
a318c038-0a90-4e63-aade-0e40c4a99b87,srichards,T%3J&L#j#7
fb0842ed-a12e-4642-ba57-a21818fd9a25,daniel52,&1R+03qn2l
2cad7a37-a30c-4eba-815b-9a7f6997470a,xburch,IyLo!qW^+7
be7fc712-7c04-4964-94fb-fe3cb2bfe397,rmorrow,&V1U11hs(T
6f1ac61f-6341-4d89-8d77-6b10f3cd3b42,hovalerie,(tLJjr@Sj7
ab470d06-656f-438f-bfb2-061795a110a0,gibsonmatthew,U+O7HMz4!2
4256cd08-a211-4ecd-b204-4b8511622124,ann48,6gvC0paT+J
4ded49f4-ba6b-4fe8-bff3-87c3cf2ac800,kevin26,6(4U0KlcBm
23f7e3c3-cf2e-43bb-bcb1-5d380a195d85,wrollins,#aKEUrMo^8
dd9f02f2-8445-42cd-b4b6-eb4d9dfcaf58,david75,+vv9vNWlKj
0c67526b-cffb-49bb-9ead-99044d18b84e,austin61,ZNiZVbcz)2
bbe3b388-9a0f-42c0-af0a-78a6416e213a,christopher83,(7rUD*wfOZ
c1a01839-1b96-476d-a398-04bd7bf84d76,dmorgan,mx!3JE+ryB
02898be8-75ff-48a9-9027-37a94e6eb66c,ojohnson,E_1l2R_Hzx
06445edb-3a96-490c-a05f-eb1690a90156,yharris,*0fn78GuHC
23be9ad7-51ca-4350-a6e6-b9fb5b1f2794,lindsey06,m&5YOPQpxG
e6d80cd2-b5a3-4554-b0e8-3fb7087e2256,lorihaynes,Da@8Z)_x!2
84cb1f83-a76f-4216-a10b-318acd80c282,jennifer24,iK8Xg^*v$e
73644beb-8fe3-4a49-8f62-9c44e59a8be1,nwallace,*1GVPsuQut
aec03af6-85b8-4319-9bc5-49ae0eda56c6,daviscarolyn,O*#S2wBox(
271fd923-b7c5-4a03-b283-728cee5aeefb,udavis,A&4BAhknxj
f783d71d-a60f-447e-8b42-1e81aac9fe26,bconrad,6u4UXDlp!1
fb033307-d315-4031-a183-b27ea06f716c,bmiller,T7K9Yid(%W
c3db78a8-93be-4b05-bde4-8b7e35fa1ca6,greenadam,&^5_OWIk88
b18e152f-101c-4934-aa4a-79aa4143de79,bgriffin,+3UmGOrc(1
f35250b9-3dc2-4559-8661-fac4f54f12c8,tony93,2mEwv8aD+!
88ddf2fd-3d9e-4e30-a79a-6934e69230a8,thomasheather,Nu7Wqyvu$@
d3a9f002-4596-400c-88cc-ac836f4b6bec,natkinson,N75QjucnG(
74f89731-ba1f-4947-80aa-91e4ff862d01,lwebster,1@ka717q$J
c42d9be7-fab2-4382-844d-c5ae2861c853,dbarnett,jFWMk(vl%3
30263463-fe5b-486a-afde-8bed39181600,thompsonzachary,K400KZd0(6
bd5465fd-1e52-47ca-8792-069baa5e3b6a,hicksjacqueline,IOQWfNPy(3
afe3d03f-9d83-4716-a77c-68e6ffccdcb3,christine16,&4eCkPhuMw
a2097a71-bd08-4012-8e18-d4fcac38bd19,destiny36,#7Ff%r6i0%
ce8a9a58-3569-4bc3-bd66-b8c50658a4f0,loricantu,5kONuE*s+y
f419cff1-4d4c-4308-9c3e-2f7b2f6d824e,jwalker,$szSR3j952
fc3a2573-de71-4490-aa76-950903bb5dcd,lawrence53,R$9udQPnVJ
7af42d96-7382-45d6-9e0c-300a54e752e5,jrobinson,YX7p3CXr!7
3971bef5-7012-4b7b-b379-684d7b4e1c26,whitehannah,Q9s2oPa((G
24dafc3c-132c-4d97-8754-3e673e6ca9d9,xwhite,A#n_cIMi&2
66245912-0bba-4801-a60c-79731a0469dc,ewhitehead,@_3AQpQtyK
0e6007a0-d1c4-4076-85c2-e78efb03723c,christopher79,dYZ26BMr3_
637f6ea7-a9c9-4228-a96f-d7ff21773b80,keithschneider,!fE@3Mf6g@
a1854ebb-1119-4696-979e-64c276e77092,davidphillips,6IEgPUKh@m
21b18d5b-7080-4b28-ad72-4d3a3f2f2aa6,igriffith,*1F(ByunmM
0f38aa51-cd86-4a37-ac2f-1c6906d508e4,zlewis,E$1wLZ*x)j
73fe69b7-d7b2-4c43-a156-866feca6c3aa,vgarza,%A5Sj6#zid
d63c213e-aa85-4fe9-8c85-aa00fea2779d,jessica06,t96QblYL@&
29b98eaa-23c0-4dc6-b827-35082eb80dbf,lisamullins,I#5sDP&sS(
2bc2ea41-4e2f-4ee4-bc0b-cb12629fe10b,joeljohnson,!R*O4Lut%u
cb972fe9-14ce-4304-92d3-837c25838dd8,daniel92,_7#(2RiXFR
e4a8f9ee-0396-4162-af90-2e6380473542,qsmith,L!tkXx3c)8
edbea2c7-7fae-4341-8487-2ad71d682885,ojones,_&7HZSieA%
a6264e4a-800d-4f2a-aee0-6a7a611ea3e7,deborah19,*5195!Oi%(
5c2b44c9-72c2-4b58-aa2f-c052d2cde2ab,richardmorris,9_G0@*EnNk
de0a26d7-2f40-46ca-a284-ad69b26e0cff,megansullivan,%55Y+j6tLh
082df783-7a24-4d27-a440-61459e96ec1e,billypowers,*!n$2oIv+r
393db720-73e9-4da0-a2db-00b17b3e0e22,pamelaanderson,_5XO^3Tx20
310ba378-dd53-483f-977d-25d335bd0391,troy57,7jRbZh30!5
3e8ee354-bebe-429e-a11c-bf1fb286a585,sarah27,%t0DCkCB01
640c71fc-600d-4dce-9952-c0fa16e36ddf,anthony72,EV&dG2Sf_E
bf7bfc27-e7b4-429b-b9a0-f8d19c90699a,victorlopez,x6pPbdLM%9
809ca60a-1f00-4d40-a8c6-8e142c7c53f9,khoover,kaf81VxT*o
f35a2a0d-0d99-41b5-a56f-9cb361e4f9a1,nguyenlaura,#*n7Bqqr5#
e37dfa8c-74b3-40da-a09f-42b45c2a6f6d,kimberlyortiz,A*j9+H#lf9
aef3ba4c-9d41-4ad0-98ba-acee3cb9d5fe,dwilliams,$6SGQALp!k
78d31194-e13c-4f5b-870e-dab937d6fdc0,gmurray,&#5Sn__l#6
95f78961-f7b9-441e-9a41-1a54177faaae,andrewcooley,)$5wvHls(w
6bfb1317-e388-4c1a-b1bb-3a686f7710c1,kpark,W^oad1GzW*
7ce783e5-3d70-4e9c-8e49-33dc18146320,lesliemeyer,pPb+k3Jim6
baab4801-f148-4929-b2b4-b67ae59aa8dc,castanedalauren,(+7ROq@r(j
39f0fc6d-fc73-40eb-a912-ceed7289dfb8,jenniferadams,%4EXrXWsth
25f6044a-3b83-4faa-8de5-ea4db55c4241,cynthia34,#OO2VP%r+D
ec630804-242f-4992-aaf9-1a2dbb7f2e51,kevin51,2+Msl7p!_3
8ef579e1-a76f-4dae-9658-38b49f1f52ad,kaitlinvang,l*p6LtaVk^
ada6bb78-39d8-428c-b6cf-75c7ef257885,jason41,!2DLsle^_+
acab4f96-5bd1-4585-8cfb-af678adb0c5b,marthadixon,^)nDSCDi70
93a2e189-7d25-48e5-a1f8-15c0244d5aa4,aharris,I*2Zf(nH$R
863bbd4b-4951-4cf3-81b6-22712b8e5841,hwhite,TqV7K4C^r%
2c0ad572-4c32-4357-8bcf-ce7a1a3a478c,terrence68,RxDE7xfJ$7
325878b5-3782-43cd-80a5-c166540c66f2,christopherrogers,O#pI0kSbyt
fa7a27f4-cb2f-414e-90b6-1856e6e991e5,evan60,hppV7YElq!
8a1699c3-7185-4df0-9dc1-d564023e9e4e,ssmith,y7qTnaJd%d
e49217b1-60e7-42d8-8271-48bc0602cffe,charles29,%wus_@ALX4
933e38c0-7e7f-4a93-b9d1-782a5493ab5a,zcarr,9cMHZpgx*o
468eb751-7fc9-4df6-9aad-f8a30ea7fb22,stephen55,z!2#PdFt$1
7e970d6d-4b46-43ac-b849-784e3fac60a2,nwilkins,b)o5Jh%J*H
d35e71bf-0979-47f6-9b0e-dce4c7faa04f,keithsteven,_jI8eFdkc(
cf80c624-5089-4586-8862-3f7a439d7f4e,colecharles,5M1rLHhw%j
6778e420-1ab0-4d9b-b526-681e070b54db,george43,&2Fh8PeEvy
5c767525-812c-49c4-82f4-8f4500c82be2,suttonashlee,8DZxoiI&(r
84d7bed4-b69a-49e2-8166-51b5353ba323,jacobyoung,LqzTC3Ujd!
570381d7-3f2f-44f1-bad6-35eda6066b99,rachael58,Kju5sYFyT+
3a6c641b-b5e6-4c4f-8510-b8bbcf9c5705,rlewis,*96SgJ)lPJ
bf5663c4-1e13-4434-83a4-5a5e85076499,guerraamanda,fKI2isgvz$
10d658b4-e43c-4a39-b1d7-7ab97f6023f5,michaelcervantes,A(a9QCJsKK
5b9c633b-97a0-4fbb-80e7-c0eea0d7506e,qpayne,5c21Hshh@6
e0dc04ea-5555-4c61-a5c6-098081d58a40,tammy87,u&Sa9J)kAr
d9ffdf8f-c8f1-4406-b45b-0ffa6f68e81c,dereknash,ult9%NVcc^
c793316b-d643-4e94-a4df-32c1030da464,alyons,d19hOqmq)I
3c31395a-2295-4277-981b-19e2c661b406,stephanievaldez,$0PP#NLfrq
c8164cf6-9fd5-408d-ba18-5637412f444d,szavala,076%lFwhk#
4e47c5f2-682f-487b-9c15-2a03c903a412,solomoncharlotte,D1ZLIS9z##
94548eff-7580-45d7-b071-b84043a882f1,morganpeggy,nsJ0AFvx_7
3bfaeeca-e711-40de-a81c-a9f1fa3b24e0,marysmith,g97SnrIC%n
6c3919b6-0072-4816-9067-0ef65f36db20,hhunt,+2S&Wbld02
ecb84018-bab3-4510-9780-5841bf36f3f5,taragutierrez,%5D0U9Vm67
9e599692-f6ef-492b-be35-36f57364e72a,susan86,M+n8WagbS)
7998b0a1-bb39-4f5b-95ef-f3885072991c,dawnday,$Uj70QhHT$
221ec4ad-caee-4bf9-a6f2-3cc81abbf33e,scottdenise,*v1N&vrB&V
6bc9a3b4-27e1-4ccd-b63f-eddd95c25ac6,malonerachel,HD&l8Vu&Ur
c0b19112-ce3b-4e1f-bcab-7e95f08ffddb,christinemartinez,!yXK^D(&4Q
7a0a6bc3-856f-4ce0-9ff9-192d6d3bc9c4,nchambers,@$UwQ5Ua*d
e4a38f86-146d-45b0-9358-1459dfbf00ec,bellison,(2IR0r*hjD
61a07db7-9019-43eb-a70f-cfe2f7099f38,unelson,%fnN!jtL8u
ac690e64-a144-4967-8a42-9d84202e73ea,william37,L7j!c6Fou%
eb5544d5-d130-4414-8d84-a1d410d83c63,stevechaney,&k+5!vSk9J
a2ab71a7-dd28-4946-a61a-46a822e8b5b4,kristensanders,m483S%zZ(D
81dc7eb1-28bb-4ce1-9abe-9599e2016d6a,davisdaniel,Ql9M7$Vh#H
dc52571b-d535-47e8-9da2-3875f125992e,jacobhayden,^iC7UZu^(0
2a7cb0bb-61ee-47bb-b684-d147263673f4,williamhughes,_x9LYv1#V^
aa99878b-1fb6-490e-a808-e5863de52d8b,klopez,Z1PPTyBe$u
a62883cd-b547-4ee6-a1f7-5aa7aec00e62,lwoods,D6pGFaOk(*
7a3a291d-a568-428d-8486-7044fa1c5b57,cory97,_^0RkYuouQ
ef854aea-6c3b-46d9-b1db-f5b4a8d4fc06,ronnieward,TI8LofWB^g
c2dc873e-bff4-4b50-9c5d-354d7f7cfd81,bethanywells,)M30CBfm6l
8c425c8f-b872-44cb-a66e-154c1fc48e04,andrew33,%z1YF6MpTr
5b9e67e1-6fdb-447a-9f09-ed0f110aaee6,suarezcynthia,96E2Izw4!e
421fcf86-0484-4f09-90e8-f17fd66c0d10,max50,8oTQZh4y^g
a3c08e16-ba15-4e97-973e-eb793f4041a1,kimberlymoore,so6AvczK*0
68419517-90f5-4233-8609-a4bfa61a932e,wadams,o5AJe!A%^u
9695e5fa-036d-414d-bbd5-0047805f6669,jwest,h(S5pM)tY$
971ea23a-8907-4f27-93d9-1b5b83f2677d,rayrusso,P1+5Ypt2tc
f5784736-b8f1-4625-872c-c0fb64a787c8,rpruitt,491tSW$q&2
e5d77ec0-831f-4fee-bdf4-3a9563524710,seth50,LqcNBYiP!0
ad0a0475-78f9-489b-8940-2e587836fc08,ericrich,#3f6bBr*xJ
250db89c-ec6d-4e3a-84db-bb0d5bb75ca9,eric53,7l0YonwIp^
062a04da-f4b4-40b1-b22c-1391773ddca7,kylemullins,^@)k5Wyhp%
e9e8d551-3fae-4e54-9ab7-fd9fc921219a,millermiguel,fTko+0Ru&*
c536afbd-e895-40b9-bba7-cde9cde3f354,ebailey,_r2^nA#cFF
581529d2-6294-4b3d-a4ae-e1c5dbf1c0c8,tmcknight,08KY2h94!p
0aee270b-a232-434b-b37e-13cea9242245,pughclaudia,G#2uCMbbO!
9990aaad-a87f-461c-95f5-488ccae37a56,charlesrichards,6wM36@h2%8
8e56ea18-6c91-40ff-81fb-ab2d144778d9,cynthiafrye,MffZitzT+9
81b5121c-5feb-499a-897a-a4e360a9f106,barkermark,u7Y__l9c$c
8478f215-9d79-4150-84a5-f1031ae386ab,juliebond,sr%5Ts6a**
96bcf3e6-18a5-486c-a0b7-9016e0546aa5,ann30,#7(W&l3$sT
219ddc93-4467-4b32-ac6a-afeaa141b667,burtonjill,Owh3MVFc(+
46c22cbd-b973-4812-b5d0-8785e15ac968,yhampton,%xZ6IX)a_H
7a0dc9ad-b2b3-44be-b04a-1d034ec775e7,codyhamilton,FCSJYiiY*5
6f327fac-93dd-4075-8c19-31ac6c7bb74d,kingtimothy,!cIhOy$YK0
4be06b33-6de6-4e7f-88b0-f2f62f170333,ortizgregory,_$8m+yug4K
6649b21a-f86d-4fa0-8450-4fbe88f306f2,peggyortega,m%6Vony&_0
b14f4eb3-32bd-4ff7-96f3-d8b334ea9ab8,matthew21,$nJ(UnpI67
5b2e86d5-b35f-4303-bb9d-571ac3407a2a,liureginald,uraL6aFo&o
2728c2da-7461-4b23-b4f8-a7d619adf651,michael72,$ZnV7Bm6SM
ee01beb5-2396-4465-9653-b0af14737233,townsendrichard,)2MrB*kqWk
5918bf8a-4024-4ce4-9bf1-1f1b8ab7b072,elizabeth78,(nj2Rm@UYO
d2146298-ee61-4b3e-b40c-6c73fab576e2,saustin,2v5THSqcx^
bb2ee77c-bc74-454c-b1a6-d78fc95128f3,xvargas,9k_VwGJQ*7
5dabec68-4d20-4116-9b07-6e533cf7adbc,johnsondebra,#0mJRuPH4I
b67054ab-0c9c-4aee-a402-d0e98b408f18,brandon64,rCyL)eSu+1
b89173f5-b947-4b2e-ba1a-f87e26db70d7,patricia95,@i#IwVj6Z6
1cc402b6-3eae-4628-883f-bcafef5feac4,anthony11,5@Khc9Gjcz
1ee5d6f0-ea4a-4979-a88a-2aa79d7ad3db,anthony41,dn+s68DjF)
b2f2a8ae-3fe0-4713-bba9-3cdef54fe987,yperez,)yhMEFPco5
4f927ab1-d7ae-4ef1-bebe-fb450e883632,hernandezsara,uc39WMl&(W
603221e9-6145-4c82-b8db-cf45c28821a0,frank77,8ljBts_R)U
3429b315-0c4f-4dee-86d2-885b2295dce6,jessicagraham,K^1QgO8sq%
66ca19ad-abfe-4d5b-aee2-ac8c52b8fd4f,rodriguezdaniel,mL&3R7Bcu&
8b9d81a3-50dc-4a7e-88aa-d5c49b69ea0b,scottwalton,MV7C&emG$1
195f19ed-44c6-4c5b-92bb-4da23fc0d4ba,contrerasthomas,@P4r&(Oi%X
58066889-ea2d-4e02-8663-d7f76be0da21,brianjackson,^LNaukOL3K
f16c49a0-28d7-411d-94f7-d543e33251a5,ksanchez,$p05*$Bftc
31664758-13d7-4c5f-bfc4-c5721b291f8b,johnhart,%2ASYLxv^u
37ce06cc-9009-4421-afbc-d72a2a3483c9,mikechapman,dI4iVEbr@K
74befeee-b9fc-4134-8441-1dd4e24fff68,lberg,z^8DbLykd+
306c86d4-4147-4c2a-a13a-fce8a5b16bf7,fostersusan,u!X)1Ex(k8
f678ee89-fa50-416d-9ee5-b2cce379aa59,shirley31,bD(4%1Rm&O
2d4931b8-a3ef-4fe4-b8c5-d567db2460fa,dwheeler,&4I1gcje!I
b16c8cb2-c871-44c8-8295-589ba8c350ff,jennyjacobs,^hWYf5iRI9
8a1b9fb7-b22c-47b0-998d-eb9460646ec6,chad85,9V!2Cngg$B
547dc726-72a2-44e0-bd7f-5862459322be,johnstonjohnny,IN2&5@DlD0
37241d67-6ce9-4b3a-a3c9-6c6a6c5c5b18,steven35,@9RlNsqQsp
bf25c128-8677-4d97-8fb7-539f9cbcd2bd,joseph55,G9VQh&8P^v
dfc09270-dd03-4c67-8c94-b66790d4414f,lauren52,3^4KZhXww#
70ef6e5b-fd33-43ad-b02d-5f9c0c482d0f,ubell,kb^G8Yac6g
6ac87b2b-6419-4f4a-9d95-5b2cee7cd691,michelle43,44Vby31a(%
26a4cf2f-83c3-4cf9-b86e-90b68dead988,jacobwood,N(0T*Jv)u8
6151762e-71aa-4a9b-a9cd-4030111acfa7,michael36,r_C5YmWu5%
f6ee71a8-4d85-4679-addb-78a52ee880ec,suttontamara,L!Q)3W2lgS
06c59b81-13ac-4fa2-a7b1-ae4c65174509,allison80,YjJLbjUX%7
9afce226-6859-400a-b7f6-3fdc2bc25383,tkennedy,+(*+3W^pFj
72bfa3b3-f765-4525-80fa-4055041419a8,sstein,^eV65JlP36
5db0b9db-5d65-4744-a47c-46cb1709d43b,robertsariel,%G8Sbwpid%
e3d11f40-bee9-4fd8-b6dc-656cb8d6ddd4,wrightdakota,v%8X8TFgl5
b9bb8c66-cb6b-49d7-829a-31cd05a2e7ac,ilowe,_30ASsCaV*
20a942ea-de64-4d49-92bd-09edaebad684,carolyn03,$n4a#MoQ$h
579c4867-715d-4d5e-a87b-eabf28976860,vfrancis,%3)zWLcY3x
d6708e59-7a37-41db-ad0f-844c9d825e5b,aperry,lqE9PkFhG&
d14418fc-e35e-41f0-8abf-bc84c7525501,hgordon,R5SYVwcm@r
3c7b7dfb-94c1-4275-8a9b-41777c259e63,jacksoncameron,K_9ZWB6+yv
c42f3057-4da7-4968-a50a-f3d7f135b340,ethompson,0H*4E5mnpO
d9888fd6-de0c-491b-8616-4b2c9c6d51d5,john17,2_W07OYgl(
1a6fb502-a113-4f62-a3be-eb5d4e216a5a,aneal,%z!f5J4hOp
66e88d92-d045-4a3c-9061-d260c76b69c5,sanchezteresa,_8t%Qu19Q1
1e168e55-b46c-4ee3-a58f-54bf6959c504,nicholas03,nMjNJt+r@7
83958045-8f60-4c49-aae7-48e3898bf37d,erickey,Fq)8iUsuvi
9290ce32-106c-4f2e-968f-e8825602f189,curtismclean,U90$1Cnm8h
0deb961b-0ea3-4f36-9497-6865badc18ca,jamesmurillo,@w6Dee^lY7
3be7c64e-d4c9-45db-86fc-5ee93984b9e8,huangmark,4FtT3qoay(
013e9d2c-47bc-4ee6-aad6-04df7e04d03e,jacquelinewest,+077BTBzWQ
9393b472-e752-4df4-9b97-59680fd22204,shawnwilliams,@29LWuQPay
55e48f39-3aac-4b2e-bfe0-19ea201cfce4,lwhite,WE2rJmkTN!
e0139750-f1e3-4537-91e0-9581dfda01aa,frederick02,)9X0D^Nd50
f2450ced-4670-4a0a-8ce7-ae343798e58b,danieljohnson,J7TFoub_+V
7a01a7c2-472b-4cc1-8c4e-d8d7f0ebef31,khayes,!fu1RBsZ&d
05cdbd23-8b54-43cf-9b6c-71beaaadd699,isaac82,RoKe5Szk$x
e78309b6-db63-4abf-a39f-f2651b36afd7,michaelcopeland,^GMn8WilPz
7eb08824-ec39-4b75-92c9-4eebf708f146,wclark,G@PKZwy1&4
6f993c68-de03-45d4-8c25-a176c298344c,usteele,)LQG%vfM_0
bf6ed928-6d28-4481-9cb3-2b9a2c6cde81,melvinpena,*1IB&Bvah6
04b0664c-e3d6-422b-ba3a-d5ecf6840bc6,amyriley,+ZD8lXNklp
d670bb53-60e7-4a9f-a036-ec2fd47be966,hubbardjacqueline,$cK1qZNvaa
769b9bd7-bc44-476e-82c0-5428cb402274,james54,@7&Ua(Z#0G
d5bde141-40a0-4b77-97fe-5fd27358461e,jcallahan,(g@3ZfDfa$
2a7c99ae-c4df-480f-9bb7-45eadde1cdb5,ngomez,Sf6Z@zhHP+
8f25c474-b42b-4ada-afa1-69d8d1f0bcd4,christineyang,l*5JegMj5g
ca8f49cd-d332-425d-9696-92b6246639a4,andreagonzalez,_#1JYaRI2E
23af1815-f1c8-4d06-84cd-781137d91bca,tracy87,#x*yCb0t6^
90cd3572-a7e1-4e06-b526-84ef550e65fc,luis59,2&+bvJZu*s
26a49359-f33d-4414-9e2a-64a8b48ded55,ann55,x3aM_WMY&2
c79d2736-8aab-4a63-b8f4-7f75718060ea,terrycrystal,1ZS#Fw6$(E
e9e4a451-826d-4d59-a1ac-71c9b73d5aa4,richardyoung,s!h1Zv(Cg8
b6b3e19c-75b3-4767-8484-9b81f7e298d7,kristipeterson,U1I*WSpT(7
bd45b60a-7549-47b5-95f7-33307f558fa0,ashleyferguson,c9cGyGEjp#
e7591928-d1c6-484e-8972-114bb9806c8d,theresa95,(0CYksL*20
91521e94-bdee-46e8-87fb-d1f442c4a690,robert95,IG7AoRy)^M
6dc8a1d3-712c-4f35-af9c-b44d98e93ab1,iclark,)ykH*CMD^3
74fba462-51c1-4e0b-a69a-1f25350fb871,dominguezcharles,(6YK5Ju@Z*
a0fe01fc-df6f-4490-8fd4-f8ebfe4133ca,ashley74,9o9_7W)ob+
10d29f15-c5d0-4af1-a5ca-83e38a880e12,whiteamanda,#@VO9*1kE6
c3e0a370-91b1-4354-a20b-ebd2cb92f09f,tammyherrera,_#DNkAGj)9
21973237-225c-4007-8ce3-64efc66281f5,ashleygarza,_074b!TqOL
140ae1c9-2ade-4655-a148-f80da04e142d,jcox,_3VIPfCikg
2b89c192-264e-4090-bb09-f4d3bfee6f64,megan44,)4F#s(N#G6
32ff572a-7fe2-4801-abec-ac4258d1f0e4,keithfarley,t!lX5TXNwk
7f048474-7822-44c5-a6c4-e46d625cdaa2,cgonzalez,)9f+#aWw52
81bbcb31-62dc-4e81-9e5a-5aaa22abbaee,patrickallen,ND5oLd2V^i
27a0a73e-67ce-4409-b165-889b5f8ecefe,georgenguyen,Eu20GVMc!j
d23ceb17-b1fe-4fa1-8b46-fcf6d3e9114e,wardsteven,R_^N9$Ihr$
5a340cdd-027e-4b91-a459-06128dd3e300,itanner,O$udl*ey_3
cf54dd93-2a7b-4951-ae0e-271b54827398,john89,!W2HHwiP@o
bf0126a5-3850-4532-8a4c-4df7f52bf0e2,rebeccaford,f5(mA%q8!7
f56adf02-fe45-4a08-a20b-23a99e9173b8,festes,+qHPUg&zu4
ad0f5fa2-bc06-4787-822e-9809ad03a47d,leah88,v@X5eWxQp(
10972cbc-5ef9-4dc8-95b4-9fb6774f5d1b,edavis,!11CKUqrnj
4cb9d920-8824-4c97-addf-cc19a141eff5,stephanie73,2Y0Io!cZL@
e86b3532-be47-4d12-b2b7-bf6c33def3d7,bushwilliam,4@Q^rxjw!X
8e0cf127-8585-45de-ade2-8be38fb03040,jmclaughlin,Bi*Yevju+7
fcd62d0c-92bd-43c9-8683-63151f9941ac,nhebert,!1BSWq#bm(
937d60e6-f524-4a0c-895f-70e3d11cfdda,jasonlopez,B_w3mxJy^l
9aaf7771-5526-45b3-bf52-9f0407fda6a1,pwhitaker,*EFc_6pP5c
77d191b5-a588-421c-8e37-6c84ed7f0bfc,walkerashley,Dn9CdzxV^7
0b6f2a63-e71e-4b70-a1b3-072f4717cc1e,kimgina,c3KGTFMj#Q
6cb336a3-2988-47c1-8dc3-9e00cd1d902d,jeffreyhammond,@K0Snzvn9K
3bd763e2-7161-4e7b-afff-387471983a76,eric09,yv*Yqi)q(3
7f823a5e-5820-4604-bff5-ac4b0c43852d,schultzjessica,C$r4Az*bAc
634c2382-9e2a-4639-9c65-72eb1b767cad,jason85,^*5PzqTv_a
761eecee-a226-4959-b691-78edcc6ab3a9,yparker,^!9BRJAvVS
d41be860-2df3-48ab-a604-a055b27d7598,anthonywiley,fh0PVQtKT&
68fa976c-c6e4-4e03-8142-9c8a49de8e48,abentley,Ly1M4&7gy#
d391eabe-1345-465c-a151-4304d9956143,nicholsjames,q@3#EPyS_%
c8e0c410-a597-4261-a6ac-4c601e301756,garrettoconnell,$Q4EiJ8n&@
daeac8d8-02de-4f51-bb1e-0e0941f27470,galvancynthia,xjCLLS_m!2
420af347-9924-4b18-af24-3e9fffe5b4cd,mark19,(UXI3x!88O
0c1d8ce7-872c-4ca8-ae06-a5ee21c8155b,gibsonjoshua,q(W&8PWD@6
02062528-7f6f-4901-8b6d-6300dc25b113,ricejason,CTs73AJwH@
ad9b088e-b002-4b65-8b02-a198f852aec1,gjones,t5_q(F^P$#
06de9685-66ee-4dc8-a209-af8d87b7bf20,nicoleedwards,a91V%w_19#
e80f1665-b22b-4614-ad57-747b96455108,trankaren,g%4EJn)zuG
a0b68c01-df24-41a1-913f-7fad19388bdf,nicholasavila,+2LZalk_v#
8be469a5-c47b-47ab-9cf3-d4887fbe8788,qbrown,#9v8mYNIeh
71e585f7-7215-4dfd-919a-fcf34880d74a,kmartin,%GQ6RcaT00
bbcdd689-10aa-48c2-9131-f1b9fc1f28e4,michaellawrence,z#S3OpHs@G
bfff0436-340e-4da2-9acd-50bad86c2335,charlesclarke,+Sr_H6XsC@
cbbe36ed-cbfe-40cb-b512-2e70cf5c2f0d,andrewstimothy,&#1OjntlLB
30ba1370-2462-4106-8b56-85905fdd9fe3,david53,%n&@1I2a(e
4b8ac550-8567-4870-b8f5-eda24f628e4e,ewest,nI@a8gFw_A
3e2108c2-439f-4cbf-a894-97ad1244978b,mcclainjared,)79$DMh_xN
a290c379-c21a-4777-9ce0-ee950580e740,ramirezgarrett,nUK4UOxi(d
159f29b5-1fe1-45b1-ba23-d38e21670a86,katrina23,ne$9P9St$1
770c3720-c996-4fa0-a073-09809952cc38,harmonian,7MR31KUu@!
